<?xml version="1.0" encoding="utf-8" standalone="no"?><?NLS TYPE="org.eclipse.help.toc"?><toc label="Jaxer Framework" link_to="../com.aptana.ide.documentation/toc.xml#reference"><topic label="Jaxer Framework" href="html/reference/api/Jaxer.index.html"><topic label="Function" href="html/reference/api/Function.html"><topic label="Properties" href="html/reference/api/Function.html#Function.Properties"><topic label="proxy" href="html/reference/api/Function.html?visibility=#Function.proxy"/><topic label="runat" href="html/reference/api/Function.html?visibility=#Function.runat"/></topic></topic><topic label="JSON" href="html/reference/api/JSON.html"><topic label="Functions" href="html/reference/api/JSON.html#JSON.Functions"><topic label="decode" href="html/reference/api/JSON.html?visibility=#JSON.decode"/><topic label="encode" href="html/reference/api/JSON.html?visibility=#JSON.encode"/><topic label="parse" href="html/reference/api/JSON.html?visibility=#JSON.parse"/><topic label="stringify" href="html/reference/api/JSON.html?visibility=#JSON.stringify"/></topic></topic><topic label="Jaxer" href="html/reference/api/Jaxer.html"><topic label="Properties" href="html/reference/api/Jaxer.html#Jaxer.Properties"><topic label="lastScriptRunat" href="html/reference/api/Jaxer.html?visibility=advanced#Jaxer.lastScriptRunat"/><topic label="pageWindow" href="html/reference/api/Jaxer.html?visibility=advanced#Jaxer.pageWindow"/><topic label="buildNumber" href="html/reference/api/Jaxer.html?visibility=#Jaxer.buildNumber"/><topic label="corePreferences" href="html/reference/api/Jaxer.html?visibility=#Jaxer.corePreferences"/><topic label="embeddedClientFramework" href="html/reference/api/Jaxer.html?visibility=#Jaxer.embeddedClientFramework"/><topic label="isOnServer" href="html/reference/api/Jaxer.html?visibility=#Jaxer.isOnServer"/><topic label="onloadEnabled" href="html/reference/api/Jaxer.html?visibility=#Jaxer.onloadEnabled"/><topic label="proxies" href="html/reference/api/Jaxer.html?visibility=#Jaxer.proxies"/><topic label="request" href="html/reference/api/Jaxer.html?visibility=#Jaxer.request"/><topic label="response" href="html/reference/api/Jaxer.html?visibility=#Jaxer.response"/><topic label="responseErrorPage" href="html/reference/api/Jaxer.html?visibility=#Jaxer.responseErrorPage"/></topic><topic label="Functions" href="html/reference/api/Jaxer.html#Jaxer.Functions"><topic label="include" href="html/reference/api/Jaxer.html?visibility=advanced#Jaxer.include"/><topic label="notifyFatal" href="html/reference/api/Jaxer.html?visibility=advanced#Jaxer.notifyFatal"/><topic label="load" href="html/reference/api/Jaxer.html?visibility=#Jaxer.load"/><topic label="loadAllExtensions" href="html/reference/api/Jaxer.html?visibility=#Jaxer.loadAllExtensions"/><topic label="loadExtension" href="html/reference/api/Jaxer.html?visibility=#Jaxer.loadExtension"/><topic label="Server" href="html/reference/api/Jaxer.html?visibility=#Jaxer.Server"/><topic label="setEvent" href="html/reference/api/Jaxer.html?visibility=#Jaxer.setEvent"/><topic label="setTitle" href="html/reference/api/Jaxer.html?visibility=#Jaxer.setTitle"/><topic label="unloadExtension" href="html/reference/api/Jaxer.html?visibility=#Jaxer.unloadExtension"/></topic></topic><topic label="Jaxer.App" href="html/reference/api/Jaxer.App.html"><topic label="Constructors" href="html/reference/api/Jaxer.App.html#Jaxer.App.Constructors"><topic label="Constructor" href="html/reference/api/Jaxer.App.html?visibility=#Jaxer.App."/></topic><topic label="Properties" href="html/reference/api/Jaxer.App.html#Jaxer.App.Properties"><topic label="APP_KEY" href="html/reference/api/Jaxer.App.html?visibility=#Jaxer.App.APP_KEY"/><topic label="appKey" href="html/reference/api/Jaxer.App.html?visibility=#Jaxer.App.appKey"/><topic label="db" href="html/reference/api/Jaxer.App.html?visibility=#Jaxer.App.db"/><topic label="DB" href="html/reference/api/Jaxer.App.html?visibility=#Jaxer.App.DB"/><topic label="handler" href="html/reference/api/Jaxer.App.html?visibility=#Jaxer.App.handler"/><topic label="HANDLER" href="html/reference/api/Jaxer.App.html?visibility=#Jaxer.App.HANDLER"/><topic label="name" href="html/reference/api/Jaxer.App.html?visibility=#Jaxer.App.name"/><topic label="NAME" href="html/reference/api/Jaxer.App.html?visibility=#Jaxer.App.NAME"/><topic label="PAGE_KEY" href="html/reference/api/Jaxer.App.html?visibility=#Jaxer.App.PAGE_KEY"/><topic label="pageKey" href="html/reference/api/Jaxer.App.html?visibility=#Jaxer.App.pageKey"/><topic label="path" href="html/reference/api/Jaxer.App.html?visibility=#Jaxer.App.path"/><topic label="PATH" href="html/reference/api/Jaxer.App.html?visibility=#Jaxer.App.PATH"/><topic label="urlTest" href="html/reference/api/Jaxer.App.html?visibility=#Jaxer.App.urlTest"/></topic><topic label="Functions" href="html/reference/api/Jaxer.App.html#Jaxer.App.Functions"><topic label="callHandler" href="html/reference/api/Jaxer.App.html?visibility=#Jaxer.App.callHandler"/><topic label="initPath" href="html/reference/api/Jaxer.App.html?visibility=#Jaxer.App.initPath"/></topic></topic><topic label="Jaxer.BinarySocket" href="html/reference/api/Jaxer.BinarySocket.html"><topic label="Constructors" href="html/reference/api/Jaxer.BinarySocket.html#Jaxer.BinarySocket.Constructors"><topic label="Constructor" href="html/reference/api/Jaxer.BinarySocket.html?visibility=#Jaxer.BinarySocket."/></topic><topic label="Functions" href="html/reference/api/Jaxer.BinarySocket.html#Jaxer.BinarySocket.Functions"><topic label="available" href="html/reference/api/Jaxer.BinarySocket.html?visibility=#Jaxer.BinarySocket.available"/><topic label="close" href="html/reference/api/Jaxer.BinarySocket.html?visibility=#Jaxer.BinarySocket.close"/><topic label="flush" href="html/reference/api/Jaxer.BinarySocket.html?visibility=#Jaxer.BinarySocket.flush"/><topic label="open" href="html/reference/api/Jaxer.BinarySocket.html?visibility=#Jaxer.BinarySocket.open"/><topic label="readByteArray" href="html/reference/api/Jaxer.BinarySocket.html?visibility=#Jaxer.BinarySocket.readByteArray"/><topic label="readByteString" href="html/reference/api/Jaxer.BinarySocket.html?visibility=#Jaxer.BinarySocket.readByteString"/><topic label="writeByteArray" href="html/reference/api/Jaxer.BinarySocket.html?visibility=#Jaxer.BinarySocket.writeByteArray"/><topic label="writeByteString" href="html/reference/api/Jaxer.BinarySocket.html?visibility=#Jaxer.BinarySocket.writeByteString"/></topic></topic><topic label="Jaxer.Cache" href="html/reference/api/Jaxer.Cache.html"/><topic label="Jaxer.Callback" href="html/reference/api/Jaxer.Callback.html"><topic label="Properties" href="html/reference/api/Jaxer.Callback.html#Jaxer.Callback.Properties"><topic label="POLLING_PERIOD" href="html/reference/api/Jaxer.Callback.html?visibility=advanced#Jaxer.Callback.POLLING_PERIOD"/><topic label="METHOD" href="html/reference/api/Jaxer.Callback.html?visibility=#Jaxer.Callback.METHOD"/><topic label="TIMEOUT" href="html/reference/api/Jaxer.Callback.html?visibility=#Jaxer.Callback.TIMEOUT"/></topic><topic label="Functions" href="html/reference/api/Jaxer.Callback.html#Jaxer.Callback.Functions"><topic label="getBaseUrl" href="html/reference/api/Jaxer.Callback.html?visibility=advanced#Jaxer.Callback.getBaseUrl"/><topic label="onfailureAsync" href="html/reference/api/Jaxer.Callback.html?visibility=advanced#Jaxer.Callback.onfailureAsync"/><topic label="ontimeoutAsync" href="html/reference/api/Jaxer.Callback.html?visibility=advanced#Jaxer.Callback.ontimeoutAsync"/><topic label="processReturnValue" href="html/reference/api/Jaxer.Callback.html?visibility=advanced#Jaxer.Callback.processReturnValue"/><topic label="createQuery" href="html/reference/api/Jaxer.Callback.html?visibility=#Jaxer.Callback.createQuery"/><topic label="formUrlEncode" href="html/reference/api/Jaxer.Callback.html?visibility=#Jaxer.Callback.formUrlEncode"/><topic label="getQueryParts" href="html/reference/api/Jaxer.Callback.html?visibility=#Jaxer.Callback.getQueryParts"/><topic label="getUrl" href="html/reference/api/Jaxer.Callback.html?visibility=#Jaxer.Callback.getUrl"/><topic label="hashToQuery" href="html/reference/api/Jaxer.Callback.html?visibility=#Jaxer.Callback.hashToQuery"/><topic label="invokeFunction" href="html/reference/api/Jaxer.Callback.html?visibility=#Jaxer.Callback.invokeFunction"/><topic label="invokeFunctionAsync" href="html/reference/api/Jaxer.Callback.html?visibility=#Jaxer.Callback.invokeFunctionAsync"/><topic label="remote" href="html/reference/api/Jaxer.Callback.html?visibility=#Jaxer.Callback.remote"/></topic></topic><topic label="Jaxer.CallbackManager" href="html/reference/api/Jaxer.CallbackManager.html"><topic label="Functions" href="html/reference/api/Jaxer.CallbackManager.html#Jaxer.CallbackManager.Functions"><topic label="getCallbackKey" href="html/reference/api/Jaxer.CallbackManager.html?visibility=advanced#Jaxer.CallbackManager.getCallbackKey"/><topic label="processCallbacks" href="html/reference/api/Jaxer.CallbackManager.html?visibility=advanced#Jaxer.CallbackManager.processCallbacks"/></topic></topic><topic label="Jaxer.ClientError" href="html/reference/api/Jaxer.ClientError.html"><topic label="Constructors" href="html/reference/api/Jaxer.ClientError.html#Jaxer.ClientError.Constructors"><topic label="Constructor" href="html/reference/api/Jaxer.ClientError.html?visibility=#Jaxer.ClientError."/></topic></topic><topic label="Jaxer.Config" href="html/reference/api/Jaxer.Config.html"><topic label="Properties" href="html/reference/api/Jaxer.Config.html#Jaxer.Config.Properties"><topic label="ALERT_CALLBACK_ERRORS" href="html/reference/api/Jaxer.Config.html?visibility=#Jaxer.Config.ALERT_CALLBACK_ERRORS"/><topic label="AUTO_CREATE_APP_PATHS" href="html/reference/api/Jaxer.Config.html?visibility=#Jaxer.Config.AUTO_CREATE_APP_PATHS"/><topic label="CACHE_USING_SOURCE_CODE" href="html/reference/api/Jaxer.Config.html?visibility=#Jaxer.Config.CACHE_USING_SOURCE_CODE"/><topic label="CALLBACK_ERROR_MESSAGE" href="html/reference/api/Jaxer.Config.html?visibility=#Jaxer.Config.CALLBACK_ERROR_MESSAGE"/><topic label="CALLBACK_FATAL_ERROR_MESSAGE" href="html/reference/api/Jaxer.Config.html?visibility=#Jaxer.Config.CALLBACK_FATAL_ERROR_MESSAGE"/><topic label="CALLBACK_URI" href="html/reference/api/Jaxer.Config.html?visibility=#Jaxer.Config.CALLBACK_URI"/><topic label="CLIENT_FRAMEWORK_SRC" href="html/reference/api/Jaxer.Config.html?visibility=#Jaxer.Config.CLIENT_FRAMEWORK_SRC"/><topic label="COMMAND_LINE_PARAMS" href="html/reference/api/Jaxer.Config.html?visibility=#Jaxer.Config.COMMAND_LINE_PARAMS"/><topic label="DEFAULT_APP" href="html/reference/api/Jaxer.Config.html?visibility=#Jaxer.Config.DEFAULT_APP"/><topic label="DEFAULT_DB" href="html/reference/api/Jaxer.Config.html?visibility=#Jaxer.Config.DEFAULT_DB"/><topic label="DEFAULT_EMITTED_SCRIPT_TYPE" href="html/reference/api/Jaxer.Config.html?visibility=#Jaxer.Config.DEFAULT_EMITTED_SCRIPT_TYPE"/><topic label="DEFAULT_PATH_BASE" href="html/reference/api/Jaxer.Config.html?visibility=#Jaxer.Config.DEFAULT_PATH_BASE"/><topic label="DEV_MODE" href="html/reference/api/Jaxer.Config.html?visibility=#Jaxer.Config.DEV_MODE"/><topic label="DISPLAY_ERRORS" href="html/reference/api/Jaxer.Config.html?visibility=#Jaxer.Config.DISPLAY_ERRORS"/><topic label="EXPOSE_JAXER" href="html/reference/api/Jaxer.Config.html?visibility=#Jaxer.Config.EXPOSE_JAXER"/><topic label="EXTENSIONS_DIR" href="html/reference/api/Jaxer.Config.html?visibility=#Jaxer.Config.EXTENSIONS_DIR"/><topic label="FATAL_ERROR_PAGE" href="html/reference/api/Jaxer.Config.html?visibility=#Jaxer.Config.FATAL_ERROR_PAGE"/><topic label="FRAMEWORK_DB" href="html/reference/api/Jaxer.Config.html?visibility=#Jaxer.Config.FRAMEWORK_DB"/><topic label="FRAMEWORK_DIR" href="html/reference/api/Jaxer.Config.html?visibility=#Jaxer.Config.FRAMEWORK_DIR"/><topic label="FRAMEWORK_FILE_NAME" href="html/reference/api/Jaxer.Config.html?visibility=#Jaxer.Config.FRAMEWORK_FILE_NAME"/><topic label="INCLUDE_ERRORS_ARE_RESPONSE_ERRORS" href="html/reference/api/Jaxer.Config.html?visibility=#Jaxer.Config.INCLUDE_ERRORS_ARE_RESPONSE_ERRORS"/><topic label="LIBRARY_FILE_NAMES" href="html/reference/api/Jaxer.Config.html?visibility=#Jaxer.Config.LIBRARY_FILE_NAMES"/><topic label="LOCAL_CONF_DIR" href="html/reference/api/Jaxer.Config.html?visibility=#Jaxer.Config.LOCAL_CONF_DIR"/><topic label="LOCAL_CONFIG_LOADED" href="html/reference/api/Jaxer.Config.html?visibility=#Jaxer.Config.LOCAL_CONFIG_LOADED"/><topic label="LOCAL_EXTENSIONS_DIR" href="html/reference/api/Jaxer.Config.html?visibility=#Jaxer.Config.LOCAL_EXTENSIONS_DIR"/><topic label="LOG_FILE_NAME" href="html/reference/api/Jaxer.Config.html?visibility=#Jaxer.Config.LOG_FILE_NAME"/><topic label="MOZ_PREFS" href="html/reference/api/Jaxer.Config.html?visibility=#Jaxer.Config.MOZ_PREFS"/><topic label="ONLOAD_ENABLED" href="html/reference/api/Jaxer.Config.html?visibility=#Jaxer.Config.ONLOAD_ENABLED"/><topic label="RELOAD_AUTOLOADS_EVERY_PAGE_REQUEST" href="html/reference/api/Jaxer.Config.html?visibility=#Jaxer.Config.RELOAD_AUTOLOADS_EVERY_PAGE_REQUEST"/><topic label="REQUEST_BODY_AS" href="html/reference/api/Jaxer.Config.html?visibility=#Jaxer.Config.REQUEST_BODY_AS"/><topic label="RESPONSE_ERROR_PAGE" href="html/reference/api/Jaxer.Config.html?visibility=#Jaxer.Config.RESPONSE_ERROR_PAGE"/><topic label="REWRITE_RELATIVE_URL" href="html/reference/api/Jaxer.Config.html?visibility=#Jaxer.Config.REWRITE_RELATIVE_URL"/><topic label="REWRITE_RELATIVE_URL_REGEX" href="html/reference/api/Jaxer.Config.html?visibility=#Jaxer.Config.REWRITE_RELATIVE_URL_REGEX"/><topic label="REWRITE_TO_FILE_URL_REGEX" href="html/reference/api/Jaxer.Config.html?visibility=#Jaxer.Config.REWRITE_TO_FILE_URL_REGEX"/><topic label="SERVICE_ERROR_MESSAGE" href="html/reference/api/Jaxer.Config.html?visibility=#Jaxer.Config.SERVICE_ERROR_MESSAGE"/><topic label="SERVICE_FATAL_ERROR_MESSAGE" href="html/reference/api/Jaxer.Config.html?visibility=#Jaxer.Config.SERVICE_FATAL_ERROR_MESSAGE"/><topic label="UNCAUGHT_ERRORS_ARE_RESPONSE_ERRORS" href="html/reference/api/Jaxer.Config.html?visibility=#Jaxer.Config.UNCAUGHT_ERRORS_ARE_RESPONSE_ERRORS"/><topic label="USE_CORE_LOG_FILE" href="html/reference/api/Jaxer.Config.html?visibility=#Jaxer.Config.USE_CORE_LOG_FILE"/></topic></topic><topic label="Jaxer.Container" href="html/reference/api/Jaxer.Container.html"><topic label="Constructors" href="html/reference/api/Jaxer.Container.html#Jaxer.Container.Constructors"><topic label="Constructor" href="html/reference/api/Jaxer.Container.html?visibility=advanced#Jaxer.Container."/></topic></topic><topic label="Jaxer.CoreEvents" href="html/reference/api/Jaxer.CoreEvents.html"><topic label="Functions" href="html/reference/api/Jaxer.CoreEvents.html#Jaxer.CoreEvents.Functions"><topic label="addHandler" href="html/reference/api/Jaxer.CoreEvents.html?visibility=advanced#Jaxer.CoreEvents.addHandler"/><topic label="clearHandlers" href="html/reference/api/Jaxer.CoreEvents.html?visibility=advanced#Jaxer.CoreEvents.clearHandlers"/><topic label="fire" href="html/reference/api/Jaxer.CoreEvents.html?visibility=advanced#Jaxer.CoreEvents.fire"/><topic label="getEventNames" href="html/reference/api/Jaxer.CoreEvents.html?visibility=advanced#Jaxer.CoreEvents.getEventNames"/><topic label="getHandlers" href="html/reference/api/Jaxer.CoreEvents.html?visibility=advanced#Jaxer.CoreEvents.getHandlers"/><topic label="isScriptEvaluateEnabled" href="html/reference/api/Jaxer.CoreEvents.html?visibility=advanced#Jaxer.CoreEvents.isScriptEvaluateEnabled"/><topic label="isScriptLoadEnabled" href="html/reference/api/Jaxer.CoreEvents.html?visibility=advanced#Jaxer.CoreEvents.isScriptLoadEnabled"/><topic label="removeHandler" href="html/reference/api/Jaxer.CoreEvents.html?visibility=advanced#Jaxer.CoreEvents.removeHandler"/></topic></topic><topic label="Jaxer.DB" href="html/reference/api/Jaxer.DB.html"><topic label="Properties" href="html/reference/api/Jaxer.DB.html#Jaxer.DB.Properties"><topic label="Connection" href="html/reference/api/Jaxer.DB.html?visibility=advanced#Jaxer.DB.Connection"/><topic label="defaultConnections" href="html/reference/api/Jaxer.DB.html?visibility=advanced#Jaxer.DB.defaultConnections"/><topic label="FrameworkConnection" href="html/reference/api/Jaxer.DB.html?visibility=advanced#Jaxer.DB.FrameworkConnection"/><topic label="lastInsertId" href="html/reference/api/Jaxer.DB.html?visibility=advanced#Jaxer.DB.lastInsertId"/><topic label="lastInsertRowId" href="html/reference/api/Jaxer.DB.html?visibility=advanced#Jaxer.DB.lastInsertRowId"/><topic label="connection" href="html/reference/api/Jaxer.DB.html?visibility=#Jaxer.DB.connection"/><topic label="frameworkConnection" href="html/reference/api/Jaxer.DB.html?visibility=#Jaxer.DB.frameworkConnection"/><topic label="lastInsertId" href="html/reference/api/Jaxer.DB.html?visibility=#Jaxer.DB.lastInsertId"/><topic label="lastInsertRowId" href="html/reference/api/Jaxer.DB.html?visibility=#Jaxer.DB.lastInsertRowId"/></topic><topic label="Functions" href="html/reference/api/Jaxer.DB.html#Jaxer.DB.Functions"><topic label="closeAllConnections" href="html/reference/api/Jaxer.DB.html?visibility=advanced#Jaxer.DB.closeAllConnections"/><topic label="frameworkExecute" href="html/reference/api/Jaxer.DB.html?visibility=advanced#Jaxer.DB.frameworkExecute"/><topic label="initDefault" href="html/reference/api/Jaxer.DB.html?visibility=advanced#Jaxer.DB.initDefault"/><topic label="setDefault" href="html/reference/api/Jaxer.DB.html?visibility=advanced#Jaxer.DB.setDefault"/><topic label="sqlToString" href="html/reference/api/Jaxer.DB.html?visibility=advanced#Jaxer.DB.sqlToString"/><topic label="execute" href="html/reference/api/Jaxer.DB.html?visibility=#Jaxer.DB.execute"/><topic label="mapExecute" href="html/reference/api/Jaxer.DB.html?visibility=#Jaxer.DB.mapExecute"/><topic label="mapFrameworkExecute" href="html/reference/api/Jaxer.DB.html?visibility=#Jaxer.DB.mapFrameworkExecute"/></topic></topic><topic label="Jaxer.DB.MySQL" href="html/reference/api/Jaxer.DB.MySQL.html"><topic label="Functions" href="html/reference/api/Jaxer.DB.MySQL.html#Jaxer.DB.MySQL.Functions"><topic label="createDB" href="html/reference/api/Jaxer.DB.MySQL.html?visibility=#Jaxer.DB.MySQL.createDB"/><topic label="validateConnectionParameters" href="html/reference/api/Jaxer.DB.MySQL.html?visibility=#Jaxer.DB.MySQL.validateConnectionParameters"/></topic></topic><topic label="Jaxer.DB.MySQL.Connection" href="html/reference/api/Jaxer.DB.MySQL.Connection.html"><topic label="Constructors" href="html/reference/api/Jaxer.DB.MySQL.Connection.html#Jaxer.DB.MySQL.Connection.Constructors"><topic label="Constructor" href="html/reference/api/Jaxer.DB.MySQL.Connection.html?visibility=#Jaxer.DB.MySQL.Connection."/></topic><topic label="Properties" href="html/reference/api/Jaxer.DB.MySQL.Connection.html#Jaxer.DB.MySQL.Connection.Properties"><topic label="implementation" href="html/reference/api/Jaxer.DB.MySQL.Connection.html?visibility=#Jaxer.DB.MySQL.Connection.implementation"/><topic label="isOpen" href="html/reference/api/Jaxer.DB.MySQL.Connection.html?visibility=#Jaxer.DB.MySQL.Connection.isOpen"/><topic label="lastInsertId" href="html/reference/api/Jaxer.DB.MySQL.Connection.html?visibility=#Jaxer.DB.MySQL.Connection.lastInsertId"/><topic label="lastInsertRowId" href="html/reference/api/Jaxer.DB.MySQL.Connection.html?visibility=#Jaxer.DB.MySQL.Connection.lastInsertRowId"/><topic label="version" href="html/reference/api/Jaxer.DB.MySQL.Connection.html?visibility=#Jaxer.DB.MySQL.Connection.version"/></topic><topic label="Functions" href="html/reference/api/Jaxer.DB.MySQL.Connection.html#Jaxer.DB.MySQL.Connection.Functions"><topic label="close" href="html/reference/api/Jaxer.DB.MySQL.Connection.html?visibility=#Jaxer.DB.MySQL.Connection.close"/><topic label="execute" href="html/reference/api/Jaxer.DB.MySQL.Connection.html?visibility=#Jaxer.DB.MySQL.Connection.execute"/><topic label="getLastInsertId" href="html/reference/api/Jaxer.DB.MySQL.Connection.html?visibility=#Jaxer.DB.MySQL.Connection.getLastInsertId"/><topic label="mapExecute" href="html/reference/api/Jaxer.DB.MySQL.Connection.html?visibility=#Jaxer.DB.MySQL.Connection.mapExecute"/><topic label="open" href="html/reference/api/Jaxer.DB.MySQL.Connection.html?visibility=#Jaxer.DB.MySQL.Connection.open"/><topic label="test" href="html/reference/api/Jaxer.DB.MySQL.Connection.html?visibility=#Jaxer.DB.MySQL.Connection.test"/></topic></topic><topic label="Jaxer.DB.ResultSet" href="html/reference/api/Jaxer.DB.ResultSet.html"><topic label="Constructors" href="html/reference/api/Jaxer.DB.ResultSet.html#Jaxer.DB.ResultSet.Constructors"><topic label="Constructor" href="html/reference/api/Jaxer.DB.ResultSet.html?visibility=#Jaxer.DB.ResultSet."/></topic><topic label="Properties" href="html/reference/api/Jaxer.DB.ResultSet.html#Jaxer.DB.ResultSet.Properties"><topic label="columns" href="html/reference/api/Jaxer.DB.ResultSet.html?visibility=#Jaxer.DB.ResultSet.columns"/><topic label="finalRow" href="html/reference/api/Jaxer.DB.ResultSet.html?visibility=#Jaxer.DB.ResultSet.finalRow"/><topic label="firstRow" href="html/reference/api/Jaxer.DB.ResultSet.html?visibility=#Jaxer.DB.ResultSet.firstRow"/><topic label="hasData" href="html/reference/api/Jaxer.DB.ResultSet.html?visibility=#Jaxer.DB.ResultSet.hasData"/><topic label="rows" href="html/reference/api/Jaxer.DB.ResultSet.html?visibility=#Jaxer.DB.ResultSet.rows"/><topic label="rowsAsArrays" href="html/reference/api/Jaxer.DB.ResultSet.html?visibility=#Jaxer.DB.ResultSet.rowsAsArrays"/><topic label="singleColumn" href="html/reference/api/Jaxer.DB.ResultSet.html?visibility=#Jaxer.DB.ResultSet.singleColumn"/><topic label="singleResult" href="html/reference/api/Jaxer.DB.ResultSet.html?visibility=#Jaxer.DB.ResultSet.singleResult"/><topic label="singleRow" href="html/reference/api/Jaxer.DB.ResultSet.html?visibility=#Jaxer.DB.ResultSet.singleRow"/></topic><topic label="Functions" href="html/reference/api/Jaxer.DB.ResultSet.html#Jaxer.DB.ResultSet.Functions"><topic label="addRow" href="html/reference/api/Jaxer.DB.ResultSet.html?visibility=#Jaxer.DB.ResultSet.addRow"/><topic label="close" href="html/reference/api/Jaxer.DB.ResultSet.html?visibility=#Jaxer.DB.ResultSet.close"/><topic label="columnsAsArray" href="html/reference/api/Jaxer.DB.ResultSet.html?visibility=#Jaxer.DB.ResultSet.columnsAsArray"/><topic label="every" href="html/reference/api/Jaxer.DB.ResultSet.html?visibility=#Jaxer.DB.ResultSet.every"/><topic label="extractColumns" href="html/reference/api/Jaxer.DB.ResultSet.html?visibility=#Jaxer.DB.ResultSet.extractColumns"/><topic label="field" href="html/reference/api/Jaxer.DB.ResultSet.html?visibility=#Jaxer.DB.ResultSet.field"/><topic label="fieldByName" href="html/reference/api/Jaxer.DB.ResultSet.html?visibility=#Jaxer.DB.ResultSet.fieldByName"/><topic label="fieldCount" href="html/reference/api/Jaxer.DB.ResultSet.html?visibility=#Jaxer.DB.ResultSet.fieldCount"/><topic label="fieldName" href="html/reference/api/Jaxer.DB.ResultSet.html?visibility=#Jaxer.DB.ResultSet.fieldName"/><topic label="filter" href="html/reference/api/Jaxer.DB.ResultSet.html?visibility=#Jaxer.DB.ResultSet.filter"/><topic label="finalRowAsArray" href="html/reference/api/Jaxer.DB.ResultSet.html?visibility=#Jaxer.DB.ResultSet.finalRowAsArray"/><topic label="forEach" href="html/reference/api/Jaxer.DB.ResultSet.html?visibility=#Jaxer.DB.ResultSet.forEach"/><topic label="indexOf" href="html/reference/api/Jaxer.DB.ResultSet.html?visibility=#Jaxer.DB.ResultSet.indexOf"/><topic label="indexOfColumn" href="html/reference/api/Jaxer.DB.ResultSet.html?visibility=#Jaxer.DB.ResultSet.indexOfColumn"/><topic label="isValidRow" href="html/reference/api/Jaxer.DB.ResultSet.html?visibility=#Jaxer.DB.ResultSet.isValidRow"/><topic label="lastIndexOf" href="html/reference/api/Jaxer.DB.ResultSet.html?visibility=#Jaxer.DB.ResultSet.lastIndexOf"/><topic label="lastRowAsArray" href="html/reference/api/Jaxer.DB.ResultSet.html?visibility=#Jaxer.DB.ResultSet.lastRowAsArray"/><topic label="map" href="html/reference/api/Jaxer.DB.ResultSet.html?visibility=#Jaxer.DB.ResultSet.map"/><topic label="next" href="html/reference/api/Jaxer.DB.ResultSet.html?visibility=#Jaxer.DB.ResultSet.next"/><topic label="reduce" href="html/reference/api/Jaxer.DB.ResultSet.html?visibility=#Jaxer.DB.ResultSet.reduce"/><topic label="reduceRight" href="html/reference/api/Jaxer.DB.ResultSet.html?visibility=#Jaxer.DB.ResultSet.reduceRight"/><topic label="singleRowAsArray" href="html/reference/api/Jaxer.DB.ResultSet.html?visibility=#Jaxer.DB.ResultSet.singleRowAsArray"/><topic label="singleRowAsArray" href="html/reference/api/Jaxer.DB.ResultSet.html?visibility=#Jaxer.DB.ResultSet.singleRowAsArray"/><topic label="some" href="html/reference/api/Jaxer.DB.ResultSet.html?visibility=#Jaxer.DB.ResultSet.some"/><topic label="split" href="html/reference/api/Jaxer.DB.ResultSet.html?visibility=#Jaxer.DB.ResultSet.split"/><topic label="toHTML" href="html/reference/api/Jaxer.DB.ResultSet.html?visibility=#Jaxer.DB.ResultSet.toHTML"/><topic label="toString" href="html/reference/api/Jaxer.DB.ResultSet.html?visibility=#Jaxer.DB.ResultSet.toString"/></topic></topic><topic label="Jaxer.DB.SQLite" href="html/reference/api/Jaxer.DB.SQLite.html"><topic label="Functions" href="html/reference/api/Jaxer.DB.SQLite.html#Jaxer.DB.SQLite.Functions"><topic label="createDB" href="html/reference/api/Jaxer.DB.SQLite.html?visibility=#Jaxer.DB.SQLite.createDB"/><topic label="validateConnectionParameters" href="html/reference/api/Jaxer.DB.SQLite.html?visibility=#Jaxer.DB.SQLite.validateConnectionParameters"/></topic></topic><topic label="Jaxer.DB.SQLite.Connection" href="html/reference/api/Jaxer.DB.SQLite.Connection.html"><topic label="Constructors" href="html/reference/api/Jaxer.DB.SQLite.Connection.html#Jaxer.DB.SQLite.Connection.Constructors"><topic label="Constructor" href="html/reference/api/Jaxer.DB.SQLite.Connection.html?visibility=#Jaxer.DB.SQLite.Connection."/></topic><topic label="Properties" href="html/reference/api/Jaxer.DB.SQLite.Connection.html#Jaxer.DB.SQLite.Connection.Properties"><topic label="implementation" href="html/reference/api/Jaxer.DB.SQLite.Connection.html?visibility=#Jaxer.DB.SQLite.Connection.implementation"/><topic label="isOpen" href="html/reference/api/Jaxer.DB.SQLite.Connection.html?visibility=#Jaxer.DB.SQLite.Connection.isOpen"/><topic label="lastInsertId" href="html/reference/api/Jaxer.DB.SQLite.Connection.html?visibility=#Jaxer.DB.SQLite.Connection.lastInsertId"/><topic label="lastInsertRowId" href="html/reference/api/Jaxer.DB.SQLite.Connection.html?visibility=#Jaxer.DB.SQLite.Connection.lastInsertRowId"/><topic label="version" href="html/reference/api/Jaxer.DB.SQLite.Connection.html?visibility=#Jaxer.DB.SQLite.Connection.version"/></topic><topic label="Functions" href="html/reference/api/Jaxer.DB.SQLite.Connection.html#Jaxer.DB.SQLite.Connection.Functions"><topic label="close" href="html/reference/api/Jaxer.DB.SQLite.Connection.html?visibility=#Jaxer.DB.SQLite.Connection.close"/><topic label="execute" href="html/reference/api/Jaxer.DB.SQLite.Connection.html?visibility=#Jaxer.DB.SQLite.Connection.execute"/><topic label="getLastInsertRowId" href="html/reference/api/Jaxer.DB.SQLite.Connection.html?visibility=#Jaxer.DB.SQLite.Connection.getLastInsertRowId"/><topic label="mapExecute" href="html/reference/api/Jaxer.DB.SQLite.Connection.html?visibility=#Jaxer.DB.SQLite.Connection.mapExecute"/><topic label="open" href="html/reference/api/Jaxer.DB.SQLite.Connection.html?visibility=#Jaxer.DB.SQLite.Connection.open"/><topic label="test" href="html/reference/api/Jaxer.DB.SQLite.Connection.html?visibility=#Jaxer.DB.SQLite.Connection.test"/></topic></topic><topic label="Jaxer.DBPersistor" href="html/reference/api/Jaxer.DBPersistor.html"><topic label="Constructors" href="html/reference/api/Jaxer.DBPersistor.html#Jaxer.DBPersistor.Constructors"><topic label="Constructor" href="html/reference/api/Jaxer.DBPersistor.html?visibility=advanced#Jaxer.DBPersistor."/></topic><topic label="Functions" href="html/reference/api/Jaxer.DBPersistor.html#Jaxer.DBPersistor.Functions"><topic label="load" href="html/reference/api/Jaxer.DBPersistor.html?visibility=advanced#Jaxer.DBPersistor.load"/><topic label="loadAll" href="html/reference/api/Jaxer.DBPersistor.html?visibility=advanced#Jaxer.DBPersistor.loadAll"/><topic label="persist" href="html/reference/api/Jaxer.DBPersistor.html?visibility=advanced#Jaxer.DBPersistor.persist"/><topic label="remove" href="html/reference/api/Jaxer.DBPersistor.html?visibility=advanced#Jaxer.DBPersistor.remove"/><topic label="removeAll" href="html/reference/api/Jaxer.DBPersistor.html?visibility=advanced#Jaxer.DBPersistor.removeAll"/><topic label="createSchema" href="html/reference/api/Jaxer.DBPersistor.html?visibility=advanced#Jaxer.DBPersistor.createSchema"/></topic></topic><topic label="Jaxer.Dir" href="html/reference/api/Jaxer.Dir.html"><topic label="Constructors" href="html/reference/api/Jaxer.Dir.html#Jaxer.Dir.Constructors"><topic label="Constructor" href="html/reference/api/Jaxer.Dir.html?visibility=#Jaxer.Dir."/></topic><topic label="Functions" href="html/reference/api/Jaxer.Dir.html#Jaxer.Dir.Functions"><topic label="clone" href="html/reference/api/Jaxer.Dir.html?visibility=#Jaxer.Dir.clone"/><topic label="contains" href="html/reference/api/Jaxer.Dir.html?visibility=#Jaxer.Dir.contains"/><topic label="create" href="html/reference/api/Jaxer.Dir.html?visibility=#Jaxer.Dir.create"/><topic label="createHierarchy" href="html/reference/api/Jaxer.Dir.html?visibility=#Jaxer.Dir.createHierarchy"/><topic label="createUnique" href="html/reference/api/Jaxer.Dir.html?visibility=#Jaxer.Dir.createUnique"/><topic label="readDir" href="html/reference/api/Jaxer.Dir.html?visibility=#Jaxer.Dir.readDir"/><topic label="remove" href="html/reference/api/Jaxer.Dir.html?visibility=#Jaxer.Dir.remove"/><topic label="combine" href="html/reference/api/Jaxer.Dir.html?visibility=#Jaxer.Dir.combine"/><topic label="create" href="html/reference/api/Jaxer.Dir.html?visibility=#Jaxer.Dir.create"/><topic label="createHierarchy" href="html/reference/api/Jaxer.Dir.html?visibility=#Jaxer.Dir.createHierarchy"/><topic label="exists" href="html/reference/api/Jaxer.Dir.html?visibility=#Jaxer.Dir.exists"/><topic label="grep" href="html/reference/api/Jaxer.Dir.html?visibility=#Jaxer.Dir.grep"/><topic label="map" href="html/reference/api/Jaxer.Dir.html?visibility=#Jaxer.Dir.map"/><topic label="pathToUrl" href="html/reference/api/Jaxer.Dir.html?visibility=#Jaxer.Dir.pathToUrl"/><topic label="resolve" href="html/reference/api/Jaxer.Dir.html?visibility=#Jaxer.Dir.resolve"/><topic label="urlToPath" href="html/reference/api/Jaxer.Dir.html?visibility=#Jaxer.Dir.urlToPath"/></topic></topic><topic label="Jaxer.DirUtils" href="html/reference/api/Jaxer.DirUtils.html"><topic label="Constructors" href="html/reference/api/Jaxer.DirUtils.html#Jaxer.DirUtils.Constructors"><topic label="Constructor" href="html/reference/api/Jaxer.DirUtils.html?visibility=#Jaxer.DirUtils."/></topic><topic label="Properties" href="html/reference/api/Jaxer.DirUtils.html#Jaxer.DirUtils.Properties"><topic label="current" href="html/reference/api/Jaxer.DirUtils.html?visibility=#Jaxer.DirUtils.current"/><topic label="desktopDir" href="html/reference/api/Jaxer.DirUtils.html?visibility=#Jaxer.DirUtils.desktopDir"/><topic label="getHome" href="html/reference/api/Jaxer.DirUtils.html?visibility=#Jaxer.DirUtils.getHome"/><topic label="temp" href="html/reference/api/Jaxer.DirUtils.html?visibility=#Jaxer.DirUtils.temp"/></topic></topic><topic label="Jaxer.Exception" href="html/reference/api/Jaxer.Exception.html"><topic label="Constructors" href="html/reference/api/Jaxer.Exception.html#Jaxer.Exception.Constructors"><topic label="Constructor" href="html/reference/api/Jaxer.Exception.html?visibility=#Jaxer.Exception."/></topic><topic label="Functions" href="html/reference/api/Jaxer.Exception.html#Jaxer.Exception.Functions"><topic label="toString" href="html/reference/api/Jaxer.Exception.html?visibility=#Jaxer.Exception.toString"/><topic label="toDetails" href="html/reference/api/Jaxer.Exception.html?visibility=#Jaxer.Exception.toDetails"/><topic label="toError" href="html/reference/api/Jaxer.Exception.html?visibility=#Jaxer.Exception.toError"/></topic></topic><topic label="Jaxer.Extensions" href="html/reference/api/Jaxer.Extensions.html"/><topic label="Jaxer.File" href="html/reference/api/Jaxer.File.html"><topic label="Constructors" href="html/reference/api/Jaxer.File.html#Jaxer.File.Constructors"><topic label="Constructor" href="html/reference/api/Jaxer.File.html?visibility=#Jaxer.File."/></topic><topic label="Properties" href="html/reference/api/Jaxer.File.html#Jaxer.File.Properties"><topic label="EOF" href="html/reference/api/Jaxer.File.html?visibility=#Jaxer.File.EOF"/><topic label="ext" href="html/reference/api/Jaxer.File.html?visibility=#Jaxer.File.ext"/><topic label="pos" href="html/reference/api/Jaxer.File.html?visibility=#Jaxer.File.pos"/><topic label="size" href="html/reference/api/Jaxer.File.html?visibility=#Jaxer.File.size"/></topic><topic label="Functions" href="html/reference/api/Jaxer.File.html#Jaxer.File.Functions"><topic label="clone" href="html/reference/api/Jaxer.File.html?visibility=#Jaxer.File.clone"/><topic label="close" href="html/reference/api/Jaxer.File.html?visibility=#Jaxer.File.close"/><topic label="copy" href="html/reference/api/Jaxer.File.html?visibility=#Jaxer.File.copy"/><topic label="create" href="html/reference/api/Jaxer.File.html?visibility=#Jaxer.File.create"/><topic label="createUnique" href="html/reference/api/Jaxer.File.html?visibility=#Jaxer.File.createUnique"/><topic label="open" href="html/reference/api/Jaxer.File.html?visibility=#Jaxer.File.open"/><topic label="read" href="html/reference/api/Jaxer.File.html?visibility=#Jaxer.File.read"/><topic label="readAllLines" href="html/reference/api/Jaxer.File.html?visibility=#Jaxer.File.readAllLines"/><topic label="readline" href="html/reference/api/Jaxer.File.html?visibility=#Jaxer.File.readline"/><topic label="remove" href="html/reference/api/Jaxer.File.html?visibility=#Jaxer.File.remove"/><topic label="truncate" href="html/reference/api/Jaxer.File.html?visibility=#Jaxer.File.truncate"/><topic label="write" href="html/reference/api/Jaxer.File.html?visibility=#Jaxer.File.write"/><topic label="absolutePath" href="html/reference/api/Jaxer.File.html?visibility=#Jaxer.File.absolutePath"/><topic label="append" href="html/reference/api/Jaxer.File.html?visibility=#Jaxer.File.append"/><topic label="appendLine" href="html/reference/api/Jaxer.File.html?visibility=#Jaxer.File.appendLine"/><topic label="backup" href="html/reference/api/Jaxer.File.html?visibility=#Jaxer.File.backup"/><topic label="checksum" href="html/reference/api/Jaxer.File.html?visibility=#Jaxer.File.checksum"/><topic label="chmod" href="html/reference/api/Jaxer.File.html?visibility=#Jaxer.File.chmod"/><topic label="copy" href="html/reference/api/Jaxer.File.html?visibility=#Jaxer.File.copy"/><topic label="dateModified" href="html/reference/api/Jaxer.File.html?visibility=#Jaxer.File.dateModified"/><topic label="exists" href="html/reference/api/Jaxer.File.html?visibility=#Jaxer.File.exists"/><topic label="extension" href="html/reference/api/Jaxer.File.html?visibility=#Jaxer.File.extension"/><topic label="filename" href="html/reference/api/Jaxer.File.html?visibility=#Jaxer.File.filename"/><topic label="getOrCreate" href="html/reference/api/Jaxer.File.html?visibility=#Jaxer.File.getOrCreate"/><topic label="mimeType" href="html/reference/api/Jaxer.File.html?visibility=#Jaxer.File.mimeType"/><topic label="move" href="html/reference/api/Jaxer.File.html?visibility=#Jaxer.File.move"/><topic label="parentPath" href="html/reference/api/Jaxer.File.html?visibility=#Jaxer.File.parentPath"/><topic label="read" href="html/reference/api/Jaxer.File.html?visibility=#Jaxer.File.read"/><topic label="readLines" href="html/reference/api/Jaxer.File.html?visibility=#Jaxer.File.readLines"/><topic label="remove" href="html/reference/api/Jaxer.File.html?visibility=#Jaxer.File.remove"/><topic label="size" href="html/reference/api/Jaxer.File.html?visibility=#Jaxer.File.size"/><topic label="touch" href="html/reference/api/Jaxer.File.html?visibility=#Jaxer.File.touch"/><topic label="truncate" href="html/reference/api/Jaxer.File.html?visibility=#Jaxer.File.truncate"/><topic label="write" href="html/reference/api/Jaxer.File.html?visibility=#Jaxer.File.write"/></topic></topic><topic label="Jaxer.FileUtils" href="html/reference/api/Jaxer.FileUtils.html"><topic label="Constructors" href="html/reference/api/Jaxer.FileUtils.html#Jaxer.FileUtils.Constructors"><topic label="Constructor" href="html/reference/api/Jaxer.FileUtils.html?visibility=#Jaxer.FileUtils."/></topic><topic label="Functions" href="html/reference/api/Jaxer.FileUtils.html#Jaxer.FileUtils.Functions"><topic label="append" href="html/reference/api/Jaxer.FileUtils.html?visibility=#Jaxer.FileUtils.append"/><topic label="chromeToPath" href="html/reference/api/Jaxer.FileUtils.html?visibility=#Jaxer.FileUtils.chromeToPath"/><topic label="copy" href="html/reference/api/Jaxer.FileUtils.html?visibility=#Jaxer.FileUtils.copy"/><topic label="create" href="html/reference/api/Jaxer.FileUtils.html?visibility=#Jaxer.FileUtils.create"/><topic label="dateModified" href="html/reference/api/Jaxer.FileUtils.html?visibility=#Jaxer.FileUtils.dateModified"/><topic label="exists" href="html/reference/api/Jaxer.FileUtils.html?visibility=#Jaxer.FileUtils.exists"/><topic label="ext" href="html/reference/api/Jaxer.FileUtils.html?visibility=#Jaxer.FileUtils.ext"/><topic label="isValidPath" href="html/reference/api/Jaxer.FileUtils.html?visibility=#Jaxer.FileUtils.isValidPath"/><topic label="leaf" href="html/reference/api/Jaxer.FileUtils.html?visibility=#Jaxer.FileUtils.leaf"/><topic label="nsIFile" href="html/reference/api/Jaxer.FileUtils.html?visibility=#Jaxer.FileUtils.nsIFile"/><topic label="parent" href="html/reference/api/Jaxer.FileUtils.html?visibility=#Jaxer.FileUtils.parent"/><topic label="pathToURL" href="html/reference/api/Jaxer.FileUtils.html?visibility=#Jaxer.FileUtils.pathToURL"/><topic label="permissions" href="html/reference/api/Jaxer.FileUtils.html?visibility=#Jaxer.FileUtils.permissions"/><topic label="remove" href="html/reference/api/Jaxer.FileUtils.html?visibility=#Jaxer.FileUtils.remove"/><topic label="run" href="html/reference/api/Jaxer.FileUtils.html?visibility=#Jaxer.FileUtils.run"/><topic label="size" href="html/reference/api/Jaxer.FileUtils.html?visibility=#Jaxer.FileUtils.size"/><topic label="urlToPath" href="html/reference/api/Jaxer.FileUtils.html?visibility=#Jaxer.FileUtils.urlToPath"/><topic label="validatePermissions" href="html/reference/api/Jaxer.FileUtils.html?visibility=#Jaxer.FileUtils.validatePermissions"/></topic></topic><topic label="Jaxer.Filesystem" href="html/reference/api/Jaxer.Filesystem.html"><topic label="Constructors" href="html/reference/api/Jaxer.Filesystem.html#Jaxer.Filesystem.Constructors"><topic label="Constructor" href="html/reference/api/Jaxer.Filesystem.html?visibility=#Jaxer.Filesystem."/></topic><topic label="Properties" href="html/reference/api/Jaxer.Filesystem.html#Jaxer.Filesystem.Properties"><topic label="dateModified" href="html/reference/api/Jaxer.Filesystem.html?visibility=#Jaxer.Filesystem.dateModified"/><topic label="exists" href="html/reference/api/Jaxer.Filesystem.html?visibility=#Jaxer.Filesystem.exists"/><topic label="isDir" href="html/reference/api/Jaxer.Filesystem.html?visibility=#Jaxer.Filesystem.isDir"/><topic label="isExec" href="html/reference/api/Jaxer.Filesystem.html?visibility=#Jaxer.Filesystem.isExec"/><topic label="isFile" href="html/reference/api/Jaxer.Filesystem.html?visibility=#Jaxer.Filesystem.isFile"/><topic label="isFolder" href="html/reference/api/Jaxer.Filesystem.html?visibility=#Jaxer.Filesystem.isFolder"/><topic label="isHidden" href="html/reference/api/Jaxer.Filesystem.html?visibility=#Jaxer.Filesystem.isHidden"/><topic label="isReadable" href="html/reference/api/Jaxer.Filesystem.html?visibility=#Jaxer.Filesystem.isReadable"/><topic label="isSpecial" href="html/reference/api/Jaxer.Filesystem.html?visibility=#Jaxer.Filesystem.isSpecial"/><topic label="isSymlink" href="html/reference/api/Jaxer.Filesystem.html?visibility=#Jaxer.Filesystem.isSymlink"/><topic label="isWritable" href="html/reference/api/Jaxer.Filesystem.html?visibility=#Jaxer.Filesystem.isWritable"/><topic label="leaf" href="html/reference/api/Jaxer.Filesystem.html?visibility=#Jaxer.Filesystem.leaf"/><topic label="nsIFile" href="html/reference/api/Jaxer.Filesystem.html?visibility=#Jaxer.Filesystem.nsIFile"/><topic label="path" href="html/reference/api/Jaxer.Filesystem.html?visibility=#Jaxer.Filesystem.path"/><topic label="permissions" href="html/reference/api/Jaxer.Filesystem.html?visibility=#Jaxer.Filesystem.permissions"/><topic label="URL" href="html/reference/api/Jaxer.Filesystem.html?visibility=#Jaxer.Filesystem.URL"/></topic><topic label="Functions" href="html/reference/api/Jaxer.Filesystem.html#Jaxer.Filesystem.Functions"><topic label="append" href="html/reference/api/Jaxer.Filesystem.html?visibility=#Jaxer.Filesystem.append"/><topic label="appendRelativePath" href="html/reference/api/Jaxer.Filesystem.html?visibility=#Jaxer.Filesystem.appendRelativePath"/><topic label="equals" href="html/reference/api/Jaxer.Filesystem.html?visibility=#Jaxer.Filesystem.equals"/><topic label="initPath" href="html/reference/api/Jaxer.Filesystem.html?visibility=#Jaxer.Filesystem.initPath"/><topic label="move" href="html/reference/api/Jaxer.Filesystem.html?visibility=#Jaxer.Filesystem.move"/><topic label="normalize" href="html/reference/api/Jaxer.Filesystem.html?visibility=#Jaxer.Filesystem.normalize"/><topic label="resetCache" href="html/reference/api/Jaxer.Filesystem.html?visibility=#Jaxer.Filesystem.resetCache"/></topic></topic><topic label="Jaxer.FunctionInfo" href="html/reference/api/Jaxer.FunctionInfo.html"><topic label="Constructors" href="html/reference/api/Jaxer.FunctionInfo.html#Jaxer.FunctionInfo.Constructors"><topic label="Constructor" href="html/reference/api/Jaxer.FunctionInfo.html?visibility=#Jaxer.FunctionInfo."/><topic label="Constructor" href="html/reference/api/Jaxer.FunctionInfo.html?visibility=advanced#Jaxer.FunctionInfo."/></topic><topic label="Functions" href="html/reference/api/Jaxer.FunctionInfo.html#Jaxer.FunctionInfo.Functions"><topic label="createClientSource" href="html/reference/api/Jaxer.FunctionInfo.html?visibility=advanced#Jaxer.FunctionInfo.createClientSource"/><topic label="createServerFunction" href="html/reference/api/Jaxer.FunctionInfo.html?visibility=advanced#Jaxer.FunctionInfo.createServerFunction"/><topic label="isNative" href="html/reference/api/Jaxer.FunctionInfo.html?visibility=advanced#Jaxer.FunctionInfo.isNative"/></topic></topic><topic label="Jaxer.Includer" href="html/reference/api/Jaxer.Includer.html"><topic label="Functions" href="html/reference/api/Jaxer.Includer.html#Jaxer.Includer.Functions"><topic label="compile" href="html/reference/api/Jaxer.Includer.html?visibility=advanced#Jaxer.Includer.compile"/><topic label="evalCompiledOn" href="html/reference/api/Jaxer.Includer.html?visibility=advanced#Jaxer.Includer.evalCompiledOn"/><topic label="evalOn" href="html/reference/api/Jaxer.Includer.html?visibility=advanced#Jaxer.Includer.evalOn"/><topic label="load" href="html/reference/api/Jaxer.Includer.html?visibility=#Jaxer.Includer.load"/></topic></topic><topic label="Jaxer.Log" href="html/reference/api/Jaxer.Log.html"><topic label="Functions" href="html/reference/api/Jaxer.Log.html#Jaxer.Log.Functions"><topic label="addAppender" href="html/reference/api/Jaxer.Log.html?visibility=advanced#Jaxer.Log.addAppender"/><topic label="getAppender" href="html/reference/api/Jaxer.Log.html?visibility=advanced#Jaxer.Log.getAppender"/><topic label="getLevelNames" href="html/reference/api/Jaxer.Log.html?visibility=advanced#Jaxer.Log.getLevelNames"/><topic label="getSortedModuleNames" href="html/reference/api/Jaxer.Log.html?visibility=advanced#Jaxer.Log.getSortedModuleNames"/><topic label="removeAppender" href="html/reference/api/Jaxer.Log.html?visibility=advanced#Jaxer.Log.removeAppender"/><topic label="debug" href="html/reference/api/Jaxer.Log.html?visibility=#Jaxer.Log.debug"/><topic label="error" href="html/reference/api/Jaxer.Log.html?visibility=#Jaxer.Log.error"/><topic label="fatal" href="html/reference/api/Jaxer.Log.html?visibility=#Jaxer.Log.fatal"/><topic label="forModule" href="html/reference/api/Jaxer.Log.html?visibility=#Jaxer.Log.forModule"/><topic label="getLevel" href="html/reference/api/Jaxer.Log.html?visibility=#Jaxer.Log.getLevel"/><topic label="getStackTrace" href="html/reference/api/Jaxer.Log.html?visibility=#Jaxer.Log.getStackTrace"/><topic label="getStackTraceAlt" href="html/reference/api/Jaxer.Log.html?visibility=#Jaxer.Log.getStackTraceAlt"/><topic label="hasModule" href="html/reference/api/Jaxer.Log.html?visibility=#Jaxer.Log.hasModule"/><topic label="info" href="html/reference/api/Jaxer.Log.html?visibility=#Jaxer.Log.info"/><topic label="setAllModuleLevels" href="html/reference/api/Jaxer.Log.html?visibility=#Jaxer.Log.setAllModuleLevels"/><topic label="setLevel" href="html/reference/api/Jaxer.Log.html?visibility=#Jaxer.Log.setLevel"/><topic label="trace" href="html/reference/api/Jaxer.Log.html?visibility=#Jaxer.Log.trace"/><topic label="warn" href="html/reference/api/Jaxer.Log.html?visibility=#Jaxer.Log.warn"/></topic></topic><topic label="Jaxer.Log.Appender" href="html/reference/api/Jaxer.Log.Appender.html"><topic label="Constructors" href="html/reference/api/Jaxer.Log.Appender.html#Jaxer.Log.Appender.Constructors"><topic label="Constructor" href="html/reference/api/Jaxer.Log.Appender.html?visibility=advanced#Jaxer.Log.Appender."/></topic><topic label="Functions" href="html/reference/api/Jaxer.Log.Appender.html#Jaxer.Log.Appender.Functions"><topic label="getLevel" href="html/reference/api/Jaxer.Log.Appender.html?visibility=advanced#Jaxer.Log.Appender.getLevel"/><topic label="setLevel" href="html/reference/api/Jaxer.Log.Appender.html?visibility=advanced#Jaxer.Log.Appender.setLevel"/><topic label="toString" href="html/reference/api/Jaxer.Log.Appender.html?visibility=advanced#Jaxer.Log.Appender.toString"/></topic></topic><topic label="Jaxer.Log.CoreAppender" href="html/reference/api/Jaxer.Log.CoreAppender.html"><topic label="Constructors" href="html/reference/api/Jaxer.Log.CoreAppender.html#Jaxer.Log.CoreAppender.Constructors"><topic label="Constructor" href="html/reference/api/Jaxer.Log.CoreAppender.html?visibility=advanced#Jaxer.Log.CoreAppender."/></topic></topic><topic label="Jaxer.Log.FileAppender" href="html/reference/api/Jaxer.Log.FileAppender.html"><topic label="Constructors" href="html/reference/api/Jaxer.Log.FileAppender.html#Jaxer.Log.FileAppender.Constructors"><topic label="Constructor" href="html/reference/api/Jaxer.Log.FileAppender.html?visibility=advanced#Jaxer.Log.FileAppender."/></topic><topic label="Functions" href="html/reference/api/Jaxer.Log.FileAppender.html#Jaxer.Log.FileAppender.Functions"><topic label="append" href="html/reference/api/Jaxer.Log.FileAppender.html?visibility=advanced#Jaxer.Log.FileAppender.append"/><topic label="setPath" href="html/reference/api/Jaxer.Log.FileAppender.html?visibility=advanced#Jaxer.Log.FileAppender.setPath"/></topic></topic><topic label="Jaxer.Log.Level" href="html/reference/api/Jaxer.Log.Level.html"><topic label="Constructors" href="html/reference/api/Jaxer.Log.Level.html#Jaxer.Log.Level.Constructors"><topic label="Constructor" href="html/reference/api/Jaxer.Log.Level.html?visibility=#Jaxer.Log.Level."/></topic><topic label="Functions" href="html/reference/api/Jaxer.Log.Level.html#Jaxer.Log.Level.Functions"><topic label="isAtLeast" href="html/reference/api/Jaxer.Log.Level.html?visibility=#Jaxer.Log.Level.isAtLeast"/><topic label="isAtOrBelow" href="html/reference/api/Jaxer.Log.Level.html?visibility=#Jaxer.Log.Level.isAtOrBelow"/><topic label="isBelow" href="html/reference/api/Jaxer.Log.Level.html?visibility=#Jaxer.Log.Level.isBelow"/><topic label="toString" href="html/reference/api/Jaxer.Log.Level.html?visibility=#Jaxer.Log.Level.toString"/></topic></topic><topic label="Jaxer.Log.ModuleLogger" href="html/reference/api/Jaxer.Log.ModuleLogger.html"><topic label="Constructors" href="html/reference/api/Jaxer.Log.ModuleLogger.html#Jaxer.Log.ModuleLogger.Constructors"><topic label="Constructor" href="html/reference/api/Jaxer.Log.ModuleLogger.html?visibility=#Jaxer.Log.ModuleLogger."/></topic><topic label="Functions" href="html/reference/api/Jaxer.Log.ModuleLogger.html#Jaxer.Log.ModuleLogger.Functions"><topic label="debug" href="html/reference/api/Jaxer.Log.ModuleLogger.html?visibility=#Jaxer.Log.ModuleLogger.debug"/><topic label="error" href="html/reference/api/Jaxer.Log.ModuleLogger.html?visibility=#Jaxer.Log.ModuleLogger.error"/><topic label="fatal" href="html/reference/api/Jaxer.Log.ModuleLogger.html?visibility=#Jaxer.Log.ModuleLogger.fatal"/><topic label="getLevel" href="html/reference/api/Jaxer.Log.ModuleLogger.html?visibility=#Jaxer.Log.ModuleLogger.getLevel"/><topic label="info" href="html/reference/api/Jaxer.Log.ModuleLogger.html?visibility=#Jaxer.Log.ModuleLogger.info"/><topic label="setLevel" href="html/reference/api/Jaxer.Log.ModuleLogger.html?visibility=#Jaxer.Log.ModuleLogger.setLevel"/><topic label="trace" href="html/reference/api/Jaxer.Log.ModuleLogger.html?visibility=#Jaxer.Log.ModuleLogger.trace"/><topic label="warn" href="html/reference/api/Jaxer.Log.ModuleLogger.html?visibility=#Jaxer.Log.ModuleLogger.warn"/></topic></topic><topic label="Jaxer.NetworkUtils" href="html/reference/api/Jaxer.NetworkUtils.html"><topic label="Constructors" href="html/reference/api/Jaxer.NetworkUtils.html#Jaxer.NetworkUtils.Constructors"><topic label="Constructor" href="html/reference/api/Jaxer.NetworkUtils.html?visibility=#Jaxer.NetworkUtils."/></topic><topic label="Functions" href="html/reference/api/Jaxer.NetworkUtils.html#Jaxer.NetworkUtils.Functions"><topic label="fixupURI" href="html/reference/api/Jaxer.NetworkUtils.html?visibility=#Jaxer.NetworkUtils.fixupURI"/><topic label="onStartRequest" href="html/reference/api/Jaxer.NetworkUtils.html?visibility=#Jaxer.NetworkUtils.onStartRequest"/><topic label="onStopRequest" href="html/reference/api/Jaxer.NetworkUtils.html?visibility=#Jaxer.NetworkUtils.onStopRequest"/><topic label="QueryInterface" href="html/reference/api/Jaxer.NetworkUtils.html?visibility=#Jaxer.NetworkUtils.QueryInterface"/><topic label="validateURI" href="html/reference/api/Jaxer.NetworkUtils.html?visibility=#Jaxer.NetworkUtils.validateURI"/></topic></topic><topic label="Jaxer.Overrides" href="html/reference/api/Jaxer.Overrides.html"><topic label="Functions" href="html/reference/api/Jaxer.Overrides.html#Jaxer.Overrides.Functions"><topic label="applyAll" href="html/reference/api/Jaxer.Overrides.html?visibility=advanced#Jaxer.Overrides.applyAll"/><topic label="extendDomSetters" href="html/reference/api/Jaxer.Overrides.html?visibility=advanced#Jaxer.Overrides.extendDomSetters"/><topic label="alert" href="html/reference/api/Jaxer.Overrides.html?visibility=#Jaxer.Overrides.alert"/><topic label="confirm" href="html/reference/api/Jaxer.Overrides.html?visibility=#Jaxer.Overrides.confirm"/><topic label="prompt" href="html/reference/api/Jaxer.Overrides.html?visibility=#Jaxer.Overrides.prompt"/></topic></topic><topic label="Jaxer.Overrides.JSON" href="html/reference/api/Jaxer.Overrides.JSON.html"><topic label="Functions" href="html/reference/api/Jaxer.Overrides.JSON.html#Jaxer.Overrides.JSON.Functions"><topic label="decode" href="html/reference/api/Jaxer.Overrides.JSON.html?visibility=#Jaxer.Overrides.JSON.decode"/><topic label="encode" href="html/reference/api/Jaxer.Overrides.JSON.html?visibility=#Jaxer.Overrides.JSON.encode"/><topic label="parse" href="html/reference/api/Jaxer.Overrides.JSON.html?visibility=#Jaxer.Overrides.JSON.parse"/><topic label="stringify" href="html/reference/api/Jaxer.Overrides.JSON.html?visibility=#Jaxer.Overrides.JSON.stringify"/></topic></topic><topic label="Jaxer.Process" href="html/reference/api/Jaxer.Process.html"><topic label="Constructors" href="html/reference/api/Jaxer.Process.html#Jaxer.Process.Constructors"><topic label="Constructor" href="html/reference/api/Jaxer.Process.html?visibility=#Jaxer.Process."/></topic><topic label="Properties" href="html/reference/api/Jaxer.Process.html#Jaxer.Process.Properties"><topic label="_proc" href="html/reference/api/Jaxer.Process.html?visibility=advanced#Jaxer.Process._proc"/><topic label="_status" href="html/reference/api/Jaxer.Process.html?visibility=advanced#Jaxer.Process._status"/><topic label="readBufferSize" href="html/reference/api/Jaxer.Process.html?visibility=advanced#Jaxer.Process.readBufferSize"/><topic label="args" href="html/reference/api/Jaxer.Process.html?visibility=#Jaxer.Process.args"/><topic label="async" href="html/reference/api/Jaxer.Process.html?visibility=#Jaxer.Process.async"/><topic label="autoDetachIfAsync" href="html/reference/api/Jaxer.Process.html?visibility=#Jaxer.Process.autoDetachIfAsync"/><topic label="exitStatus" href="html/reference/api/Jaxer.Process.html?visibility=#Jaxer.Process.exitStatus"/><topic label="path" href="html/reference/api/Jaxer.Process.html?visibility=#Jaxer.Process.path"/><topic label="stderr" href="html/reference/api/Jaxer.Process.html?visibility=#Jaxer.Process.stderr"/><topic label="stdin" href="html/reference/api/Jaxer.Process.html?visibility=#Jaxer.Process.stdin"/><topic label="stdout" href="html/reference/api/Jaxer.Process.html?visibility=#Jaxer.Process.stdout"/><topic label="CREATED" href="html/reference/api/Jaxer.Process.html?visibility=#Jaxer.Process.CREATED"/><topic label="EXEC_BEGUN" href="html/reference/api/Jaxer.Process.html?visibility=#Jaxer.Process.EXEC_BEGUN"/><topic label="EXEC_ENDED" href="html/reference/api/Jaxer.Process.html?visibility=#Jaxer.Process.EXEC_ENDED"/><topic label="WRITE_ENDED" href="html/reference/api/Jaxer.Process.html?visibility=#Jaxer.Process.WRITE_ENDED"/></topic><topic label="Functions" href="html/reference/api/Jaxer.Process.html#Jaxer.Process.Functions"><topic label="beginExec" href="html/reference/api/Jaxer.Process.html?visibility=#Jaxer.Process.beginExec"/><topic label="endExec" href="html/reference/api/Jaxer.Process.html?visibility=#Jaxer.Process.endExec"/><topic label="endWrite" href="html/reference/api/Jaxer.Process.html?visibility=#Jaxer.Process.endWrite"/><topic label="exec" href="html/reference/api/Jaxer.Process.html?visibility=#Jaxer.Process.exec"/><topic label="execAsync" href="html/reference/api/Jaxer.Process.html?visibility=#Jaxer.Process.execAsync"/><topic label="kill" href="html/reference/api/Jaxer.Process.html?visibility=#Jaxer.Process.kill"/><topic label="readBinary" href="html/reference/api/Jaxer.Process.html?visibility=#Jaxer.Process.readBinary"/><topic label="readErrString" href="html/reference/api/Jaxer.Process.html?visibility=#Jaxer.Process.readErrString"/><topic label="readString" href="html/reference/api/Jaxer.Process.html?visibility=#Jaxer.Process.readString"/><topic label="writeBinary" href="html/reference/api/Jaxer.Process.html?visibility=#Jaxer.Process.writeBinary"/><topic label="writeString" href="html/reference/api/Jaxer.Process.html?visibility=#Jaxer.Process.writeString"/><topic label="exec" href="html/reference/api/Jaxer.Process.html?visibility=#Jaxer.Process.exec"/><topic label="execAsync" href="html/reference/api/Jaxer.Process.html?visibility=#Jaxer.Process.execAsync"/></topic></topic><topic label="Jaxer.Request" href="html/reference/api/Jaxer.Request.html"><topic label="Constructors" href="html/reference/api/Jaxer.Request.html#Jaxer.Request.Constructors"><topic label="Constructor" href="html/reference/api/Jaxer.Request.html?visibility=#Jaxer.Request."/></topic><topic label="Properties" href="html/reference/api/Jaxer.Request.html#Jaxer.Request.Properties"><topic label="appKey" href="html/reference/api/Jaxer.Request.html?visibility=advanced#Jaxer.Request.appKey"/><topic label="pageKey" href="html/reference/api/Jaxer.Request.html?visibility=advanced#Jaxer.Request.pageKey"/><topic label="action" href="html/reference/api/Jaxer.Request.html?visibility=#Jaxer.Request.action"/><topic label="app" href="html/reference/api/Jaxer.Request.html?visibility=#Jaxer.Request.app"/><topic label="body" href="html/reference/api/Jaxer.Request.html?visibility=#Jaxer.Request.body"/><topic label="bodyAsByteArray" href="html/reference/api/Jaxer.Request.html?visibility=#Jaxer.Request.bodyAsByteArray"/><topic label="bodyAsStream" href="html/reference/api/Jaxer.Request.html?visibility=#Jaxer.Request.bodyAsStream"/><topic label="bodyAsString" href="html/reference/api/Jaxer.Request.html?visibility=#Jaxer.Request.bodyAsString"/><topic label="contentLength" href="html/reference/api/Jaxer.Request.html?visibility=#Jaxer.Request.contentLength"/><topic label="contentType" href="html/reference/api/Jaxer.Request.html?visibility=#Jaxer.Request.contentType"/><topic label="current" href="html/reference/api/Jaxer.Request.html?visibility=#Jaxer.Request.current"/><topic label="currentFolder" href="html/reference/api/Jaxer.Request.html?visibility=#Jaxer.Request.currentFolder"/><topic label="data" href="html/reference/api/Jaxer.Request.html?visibility=#Jaxer.Request.data"/><topic label="documentRoot" href="html/reference/api/Jaxer.Request.html?visibility=#Jaxer.Request.documentRoot"/><topic label="env" href="html/reference/api/Jaxer.Request.html?visibility=#Jaxer.Request.env"/><topic label="files" href="html/reference/api/Jaxer.Request.html?visibility=#Jaxer.Request.files"/><topic label="headers" href="html/reference/api/Jaxer.Request.html?visibility=#Jaxer.Request.headers"/><topic label="isCallback" href="html/reference/api/Jaxer.Request.html?visibility=#Jaxer.Request.isCallback"/><topic label="isHandler" href="html/reference/api/Jaxer.Request.html?visibility=#Jaxer.Request.isHandler"/><topic label="isHTTPS" href="html/reference/api/Jaxer.Request.html?visibility=#Jaxer.Request.isHTTPS"/><topic label="method" href="html/reference/api/Jaxer.Request.html?visibility=#Jaxer.Request.method"/><topic label="pageFile" href="html/reference/api/Jaxer.Request.html?visibility=#Jaxer.Request.pageFile"/><topic label="paramIsBody" href="html/reference/api/Jaxer.Request.html?visibility=#Jaxer.Request.paramIsBody"/><topic label="parsedUrl" href="html/reference/api/Jaxer.Request.html?visibility=#Jaxer.Request.parsedUrl"/><topic label="protocol" href="html/reference/api/Jaxer.Request.html?visibility=#Jaxer.Request.protocol"/><topic label="queryString" href="html/reference/api/Jaxer.Request.html?visibility=#Jaxer.Request.queryString"/><topic label="referer" href="html/reference/api/Jaxer.Request.html?visibility=#Jaxer.Request.referer"/><topic label="remoteAddr" href="html/reference/api/Jaxer.Request.html?visibility=#Jaxer.Request.remoteAddr"/><topic label="remoteHost" href="html/reference/api/Jaxer.Request.html?visibility=#Jaxer.Request.remoteHost"/><topic label="remoteUser" href="html/reference/api/Jaxer.Request.html?visibility=#Jaxer.Request.remoteUser"/><topic label="uri" href="html/reference/api/Jaxer.Request.html?visibility=#Jaxer.Request.uri"/><topic label="userAgent" href="html/reference/api/Jaxer.Request.html?visibility=#Jaxer.Request.userAgent"/><topic label="ACTIONS" href="html/reference/api/Jaxer.Request.html?visibility=#Jaxer.Request.ACTIONS"/></topic><topic label="Functions" href="html/reference/api/Jaxer.Request.html#Jaxer.Request.Functions"><topic label="compileScript" href="html/reference/api/Jaxer.Request.html?visibility=#Jaxer.Request.compileScript"/><topic label="evaluateCompiledScript" href="html/reference/api/Jaxer.Request.html?visibility=#Jaxer.Request.evaluateCompiledScript"/><topic label="evaluateScript" href="html/reference/api/Jaxer.Request.html?visibility=#Jaxer.Request.evaluateScript"/></topic></topic><topic label="Jaxer.Request.ACTIONS" href="html/reference/api/Jaxer.Request.ACTIONS.html"><topic label="Properties" href="html/reference/api/Jaxer.Request.ACTIONS.html#Jaxer.Request.ACTIONS.Properties"><topic label="DELETE" href="html/reference/api/Jaxer.Request.ACTIONS.html?visibility=#Jaxer.Request.ACTIONS.DELETE"/><topic label="GET" href="html/reference/api/Jaxer.Request.ACTIONS.html?visibility=#Jaxer.Request.ACTIONS.GET"/><topic label="HEAD" href="html/reference/api/Jaxer.Request.ACTIONS.html?visibility=#Jaxer.Request.ACTIONS.HEAD"/><topic label="OPTIONS" href="html/reference/api/Jaxer.Request.ACTIONS.html?visibility=#Jaxer.Request.ACTIONS.OPTIONS"/><topic label="POST" href="html/reference/api/Jaxer.Request.ACTIONS.html?visibility=#Jaxer.Request.ACTIONS.POST"/><topic label="PUT" href="html/reference/api/Jaxer.Request.ACTIONS.html?visibility=#Jaxer.Request.ACTIONS.PUT"/></topic></topic><topic label="Jaxer.Request.FileInfo" href="html/reference/api/Jaxer.Request.FileInfo.html"><topic label="Constructors" href="html/reference/api/Jaxer.Request.FileInfo.html#Jaxer.Request.FileInfo.Constructors"><topic label="Constructor" href="html/reference/api/Jaxer.Request.FileInfo.html?visibility=advanced#Jaxer.Request.FileInfo."/></topic><topic label="Properties" href="html/reference/api/Jaxer.Request.FileInfo.html#Jaxer.Request.FileInfo.Properties"><topic label="tempFileName" href="html/reference/api/Jaxer.Request.FileInfo.html?visibility=advanced#Jaxer.Request.FileInfo.tempFileName"/><topic label="contentType" href="html/reference/api/Jaxer.Request.FileInfo.html?visibility=#Jaxer.Request.FileInfo.contentType"/><topic label="elementName" href="html/reference/api/Jaxer.Request.FileInfo.html?visibility=#Jaxer.Request.FileInfo.elementName"/><topic label="fileName" href="html/reference/api/Jaxer.Request.FileInfo.html?visibility=#Jaxer.Request.FileInfo.fileName"/><topic label="fileSize" href="html/reference/api/Jaxer.Request.FileInfo.html?visibility=#Jaxer.Request.FileInfo.fileSize"/><topic label="index" href="html/reference/api/Jaxer.Request.FileInfo.html?visibility=#Jaxer.Request.FileInfo.index"/><topic label="originalFileName" href="html/reference/api/Jaxer.Request.FileInfo.html?visibility=#Jaxer.Request.FileInfo.originalFileName"/></topic><topic label="Functions" href="html/reference/api/Jaxer.Request.FileInfo.html#Jaxer.Request.FileInfo.Functions"><topic label="save" href="html/reference/api/Jaxer.Request.FileInfo.html?visibility=#Jaxer.Request.FileInfo.save"/></topic></topic><topic label="Jaxer.Response" href="html/reference/api/Jaxer.Response.html"><topic label="Constructors" href="html/reference/api/Jaxer.Response.html#Jaxer.Response.Constructors"><topic label="Constructor" href="html/reference/api/Jaxer.Response.html?visibility=#Jaxer.Response."/></topic><topic label="Properties" href="html/reference/api/Jaxer.Response.html#Jaxer.Response.Properties"><topic label="earlyExit" href="html/reference/api/Jaxer.Response.html?visibility=advanced#Jaxer.Response.earlyExit"/><topic label="headers" href="html/reference/api/Jaxer.Response.html?visibility=#Jaxer.Response.headers"/><topic label="reasonPhrase" href="html/reference/api/Jaxer.Response.html?visibility=#Jaxer.Response.reasonPhrase"/><topic label="statusCode" href="html/reference/api/Jaxer.Response.html?visibility=#Jaxer.Response.statusCode"/></topic><topic label="Functions" href="html/reference/api/Jaxer.Response.html#Jaxer.Response.Functions"><topic label="getContents" href="html/reference/api/Jaxer.Response.html?visibility=advanced#Jaxer.Response.getContents"/><topic label="getDomTouched" href="html/reference/api/Jaxer.Response.html?visibility=advanced#Jaxer.Response.getDomTouched"/><topic label="getSideEffect" href="html/reference/api/Jaxer.Response.html?visibility=advanced#Jaxer.Response.getSideEffect"/><topic label="noteDomTouched" href="html/reference/api/Jaxer.Response.html?visibility=advanced#Jaxer.Response.noteDomTouched"/><topic label="noteSideEffect" href="html/reference/api/Jaxer.Response.html?visibility=advanced#Jaxer.Response.noteSideEffect"/><topic label="useOriginalContents" href="html/reference/api/Jaxer.Response.html?visibility=advanced#Jaxer.Response.useOriginalContents"/><topic label="addHeader" href="html/reference/api/Jaxer.Response.html?visibility=#Jaxer.Response.addHeader"/><topic label="exit" href="html/reference/api/Jaxer.Response.html?visibility=#Jaxer.Response.exit"/><topic label="exposeJaxer" href="html/reference/api/Jaxer.Response.html?visibility=#Jaxer.Response.exposeJaxer"/><topic label="getError" href="html/reference/api/Jaxer.Response.html?visibility=#Jaxer.Response.getError"/><topic label="getOverriddenClientFramework" href="html/reference/api/Jaxer.Response.html?visibility=#Jaxer.Response.getOverriddenClientFramework"/><topic label="hasError" href="html/reference/api/Jaxer.Response.html?visibility=#Jaxer.Response.hasError"/><topic label="isClientFrameworkOverridden" href="html/reference/api/Jaxer.Response.html?visibility=#Jaxer.Response.isClientFrameworkOverridden"/><topic label="notifyError" href="html/reference/api/Jaxer.Response.html?visibility=#Jaxer.Response.notifyError"/><topic label="notifyErrorShown" href="html/reference/api/Jaxer.Response.html?visibility=#Jaxer.Response.notifyErrorShown"/><topic label="redirect" href="html/reference/api/Jaxer.Response.html?visibility=#Jaxer.Response.redirect"/><topic label="removeHeader" href="html/reference/api/Jaxer.Response.html?visibility=#Jaxer.Response.removeHeader"/><topic label="resetClientFramework" href="html/reference/api/Jaxer.Response.html?visibility=#Jaxer.Response.resetClientFramework"/><topic label="setClientFramework" href="html/reference/api/Jaxer.Response.html?visibility=#Jaxer.Response.setClientFramework"/><topic label="setContents" href="html/reference/api/Jaxer.Response.html?visibility=#Jaxer.Response.setContents"/><topic label="setContentsBinary" href="html/reference/api/Jaxer.Response.html?visibility=#Jaxer.Response.setContentsBinary"/><topic label="setContentsFile" href="html/reference/api/Jaxer.Response.html?visibility=#Jaxer.Response.setContentsFile"/><topic label="setNoCacheHeaders" href="html/reference/api/Jaxer.Response.html?visibility=#Jaxer.Response.setNoCacheHeaders"/><topic label="setStatus" href="html/reference/api/Jaxer.Response.html?visibility=#Jaxer.Response.setStatus"/><topic label="statusCodeToReasonPhrase" href="html/reference/api/Jaxer.Response.html?visibility=#Jaxer.Response.statusCodeToReasonPhrase"/><topic label="wasErrorShown" href="html/reference/api/Jaxer.Response.html?visibility=#Jaxer.Response.wasErrorShown"/></topic></topic><topic label="Jaxer.SMTP" href="html/reference/api/Jaxer.SMTP.html"><topic label="Functions" href="html/reference/api/Jaxer.SMTP.html#Jaxer.SMTP.Functions"><topic label="sendEmail" href="html/reference/api/Jaxer.SMTP.html?visibility=#Jaxer.SMTP.sendEmail"/><topic label="sendMessage" href="html/reference/api/Jaxer.SMTP.html?visibility=#Jaxer.SMTP.sendMessage"/></topic></topic><topic label="Jaxer.SMTP.MailMessage" href="html/reference/api/Jaxer.SMTP.MailMessage.html"><topic label="Constructors" href="html/reference/api/Jaxer.SMTP.MailMessage.html#Jaxer.SMTP.MailMessage.Constructors"><topic label="Constructor" href="html/reference/api/Jaxer.SMTP.MailMessage.html?visibility=#Jaxer.SMTP.MailMessage."/></topic><topic label="Functions" href="html/reference/api/Jaxer.SMTP.MailMessage.html#Jaxer.SMTP.MailMessage.Functions"><topic label="addHeader," href="html/reference/api/Jaxer.SMTP.MailMessage.html?visibility=#Jaxer.SMTP.MailMessage.addHeader,"/><topic label="addRecipient" href="html/reference/api/Jaxer.SMTP.MailMessage.html?visibility=#Jaxer.SMTP.MailMessage.addRecipient"/><topic label="setBody" href="html/reference/api/Jaxer.SMTP.MailMessage.html?visibility=#Jaxer.SMTP.MailMessage.setBody"/><topic label="setDate" href="html/reference/api/Jaxer.SMTP.MailMessage.html?visibility=#Jaxer.SMTP.MailMessage.setDate"/><topic label="setFrom" href="html/reference/api/Jaxer.SMTP.MailMessage.html?visibility=#Jaxer.SMTP.MailMessage.setFrom"/><topic label="setSubject" href="html/reference/api/Jaxer.SMTP.MailMessage.html?visibility=#Jaxer.SMTP.MailMessage.setSubject"/></topic></topic><topic label="Jaxer.Sandbox" href="html/reference/api/Jaxer.Sandbox.html"><topic label="Constructors" href="html/reference/api/Jaxer.Sandbox.html#Jaxer.Sandbox.Constructors"><topic label="Constructor" href="html/reference/api/Jaxer.Sandbox.html?visibility=#Jaxer.Sandbox."/></topic><topic label="Properties" href="html/reference/api/Jaxer.Sandbox.html#Jaxer.Sandbox.Properties"><topic label="document" href="html/reference/api/Jaxer.Sandbox.html?visibility=#Jaxer.Sandbox.document"/><topic label="method" href="html/reference/api/Jaxer.Sandbox.html?visibility=#Jaxer.Sandbox.method"/><topic label="readyState" href="html/reference/api/Jaxer.Sandbox.html?visibility=#Jaxer.Sandbox.readyState"/><topic label="requestHeaders" href="html/reference/api/Jaxer.Sandbox.html?visibility=#Jaxer.Sandbox.requestHeaders"/><topic label="status" href="html/reference/api/Jaxer.Sandbox.html?visibility=#Jaxer.Sandbox.status"/><topic label="statusText" href="html/reference/api/Jaxer.Sandbox.html?visibility=#Jaxer.Sandbox.statusText"/><topic label="window" href="html/reference/api/Jaxer.Sandbox.html?visibility=#Jaxer.Sandbox.window"/><topic label="defaults" href="html/reference/api/Jaxer.Sandbox.html?visibility=#Jaxer.Sandbox.defaults"/></topic><topic label="Functions" href="html/reference/api/Jaxer.Sandbox.html#Jaxer.Sandbox.Functions"><topic label="close" href="html/reference/api/Jaxer.Sandbox.html?visibility=#Jaxer.Sandbox.close"/><topic label="open" href="html/reference/api/Jaxer.Sandbox.html?visibility=#Jaxer.Sandbox.open"/><topic label="responseHeaders" href="html/reference/api/Jaxer.Sandbox.html?visibility=#Jaxer.Sandbox.responseHeaders"/><topic label="setContents" href="html/reference/api/Jaxer.Sandbox.html?visibility=#Jaxer.Sandbox.setContents"/><topic label="toHTML" href="html/reference/api/Jaxer.Sandbox.html?visibility=#Jaxer.Sandbox.toHTML"/><topic label="waitForCompletion" href="html/reference/api/Jaxer.Sandbox.html?visibility=#Jaxer.Sandbox.waitForCompletion"/></topic></topic><topic label="Jaxer.Sandbox.OpenOptions" href="html/reference/api/Jaxer.Sandbox.OpenOptions.html"><topic label="Constructors" href="html/reference/api/Jaxer.Sandbox.OpenOptions.html#Jaxer.Sandbox.OpenOptions.Constructors"><topic label="Constructor" href="html/reference/api/Jaxer.Sandbox.OpenOptions.html?visibility=#Jaxer.Sandbox.OpenOptions."/></topic><topic label="Properties" href="html/reference/api/Jaxer.Sandbox.OpenOptions.html#Jaxer.Sandbox.OpenOptions.Properties"><topic label="allowJavaScript" href="html/reference/api/Jaxer.Sandbox.OpenOptions.html?visibility=#Jaxer.Sandbox.OpenOptions.allowJavaScript"/><topic label="allowMetaRedirects" href="html/reference/api/Jaxer.Sandbox.OpenOptions.html?visibility=#Jaxer.Sandbox.OpenOptions.allowMetaRedirects"/><topic label="allowSubFrames" href="html/reference/api/Jaxer.Sandbox.OpenOptions.html?visibility=#Jaxer.Sandbox.OpenOptions.allowSubFrames"/><topic label="async" href="html/reference/api/Jaxer.Sandbox.OpenOptions.html?visibility=#Jaxer.Sandbox.OpenOptions.async"/><topic label="headers" href="html/reference/api/Jaxer.Sandbox.OpenOptions.html?visibility=#Jaxer.Sandbox.OpenOptions.headers"/><topic label="onload" href="html/reference/api/Jaxer.Sandbox.OpenOptions.html?visibility=#Jaxer.Sandbox.OpenOptions.onload"/><topic label="onlocationchange" href="html/reference/api/Jaxer.Sandbox.OpenOptions.html?visibility=#Jaxer.Sandbox.OpenOptions.onlocationchange"/><topic label="onsslcerterror" href="html/reference/api/Jaxer.Sandbox.OpenOptions.html?visibility=#Jaxer.Sandbox.OpenOptions.onsslcerterror"/></topic></topic><topic label="Jaxer.ScriptInfo" href="html/reference/api/Jaxer.ScriptInfo.html"><topic label="Constructors" href="html/reference/api/Jaxer.ScriptInfo.html#Jaxer.ScriptInfo.Constructors"><topic label="Constructor" href="html/reference/api/Jaxer.ScriptInfo.html?visibility=advanced#Jaxer.ScriptInfo."/></topic></topic><topic label="Jaxer.ScriptProcessor" href="html/reference/api/Jaxer.ScriptProcessor.html"><topic label="Constructors" href="html/reference/api/Jaxer.ScriptProcessor.html#Jaxer.ScriptProcessor.Constructors"><topic label="Constructor" href="html/reference/api/Jaxer.ScriptProcessor.html?visibility=advanced#Jaxer.ScriptProcessor."/></topic></topic><topic label="Jaxer.SendOptions" href="html/reference/api/Jaxer.SendOptions.html"><topic label="Properties" href="html/reference/api/Jaxer.SendOptions.html#Jaxer.SendOptions.Properties"><topic label="DEFAULT_TIMEOUT" href="html/reference/api/Jaxer.SendOptions.html?visibility=#Jaxer.SendOptions.DEFAULT_TIMEOUT"/></topic></topic><topic label="Jaxer.Serialization" href="html/reference/api/Jaxer.Serialization.html"><topic label="Functions" href="html/reference/api/Jaxer.Serialization.html#Jaxer.Serialization.Functions"><topic label="addDeserializer" href="html/reference/api/Jaxer.Serialization.html?visibility=#Jaxer.Serialization.addDeserializer"/><topic label="addSerializer" href="html/reference/api/Jaxer.Serialization.html?visibility=#Jaxer.Serialization.addSerializer"/><topic label="addTypeHandler" href="html/reference/api/Jaxer.Serialization.html?visibility=#Jaxer.Serialization.addTypeHandler"/><topic label="fromJSONString" href="html/reference/api/Jaxer.Serialization.html?visibility=#Jaxer.Serialization.fromJSONString"/><topic label="removeSerializer" href="html/reference/api/Jaxer.Serialization.html?visibility=#Jaxer.Serialization.removeSerializer"/><topic label="removeTypeHandler" href="html/reference/api/Jaxer.Serialization.html?visibility=#Jaxer.Serialization.removeTypeHandler"/><topic label="toJSONString" href="html/reference/api/Jaxer.Serialization.html?visibility=#Jaxer.Serialization.toJSONString"/></topic></topic><topic label="Jaxer.SessionManager" href="html/reference/api/Jaxer.SessionManager.html"><topic label="Functions" href="html/reference/api/Jaxer.SessionManager.html#Jaxer.SessionManager.Functions"><topic label="keyFromRequest" href="html/reference/api/Jaxer.SessionManager.html?visibility=advanced#Jaxer.SessionManager.keyFromRequest"/><topic label="keyToResponse" href="html/reference/api/Jaxer.SessionManager.html?visibility=advanced#Jaxer.SessionManager.keyToResponse"/></topic></topic><topic label="Jaxer.Socket" href="html/reference/api/Jaxer.Socket.html"><topic label="Constructors" href="html/reference/api/Jaxer.Socket.html#Jaxer.Socket.Constructors"><topic label="Constructor" href="html/reference/api/Jaxer.Socket.html?visibility=#Jaxer.Socket."/></topic><topic label="Functions" href="html/reference/api/Jaxer.Socket.html#Jaxer.Socket.Functions"><topic label="available" href="html/reference/api/Jaxer.Socket.html?visibility=#Jaxer.Socket.available"/><topic label="close" href="html/reference/api/Jaxer.Socket.html?visibility=#Jaxer.Socket.close"/><topic label="flush" href="html/reference/api/Jaxer.Socket.html?visibility=#Jaxer.Socket.flush"/><topic label="open" href="html/reference/api/Jaxer.Socket.html?visibility=#Jaxer.Socket.open"/><topic label="readLine" href="html/reference/api/Jaxer.Socket.html?visibility=#Jaxer.Socket.readLine"/><topic label="readString" href="html/reference/api/Jaxer.Socket.html?visibility=#Jaxer.Socket.readString"/><topic label="writeString" href="html/reference/api/Jaxer.Socket.html?visibility=#Jaxer.Socket.writeString"/></topic></topic><topic label="Jaxer.System" href="html/reference/api/Jaxer.System.html"><topic label="Properties" href="html/reference/api/Jaxer.System.html#Jaxer.System.Properties"><topic label="desktopFolder" href="html/reference/api/Jaxer.System.html?visibility=#Jaxer.System.desktopFolder"/><topic label="executableFolder" href="html/reference/api/Jaxer.System.html?visibility=#Jaxer.System.executableFolder"/><topic label="executableUrl" href="html/reference/api/Jaxer.System.html?visibility=#Jaxer.System.executableUrl"/><topic label="homeFolder" href="html/reference/api/Jaxer.System.html?visibility=#Jaxer.System.homeFolder"/><topic label="OS" href="html/reference/api/Jaxer.System.html?visibility=#Jaxer.System.OS"/><topic label="separator" href="html/reference/api/Jaxer.System.html?visibility=#Jaxer.System.separator"/><topic label="tempFolder" href="html/reference/api/Jaxer.System.html?visibility=#Jaxer.System.tempFolder"/></topic><topic label="Functions" href="html/reference/api/Jaxer.System.html#Jaxer.System.Functions"><topic label="launch" href="html/reference/api/Jaxer.System.html?visibility=#Jaxer.System.launch"/></topic></topic><topic label="Jaxer.Thread" href="html/reference/api/Jaxer.Thread.html"><topic label="Properties" href="html/reference/api/Jaxer.Thread.html#Jaxer.Thread.Properties"><topic label="currentThread" href="html/reference/api/Jaxer.Thread.html?visibility=#Jaxer.Thread.currentThread"/><topic label="DEFAULT_MAX_MILLIS" href="html/reference/api/Jaxer.Thread.html?visibility=#Jaxer.Thread.DEFAULT_MAX_MILLIS"/></topic><topic label="Functions" href="html/reference/api/Jaxer.Thread.html#Jaxer.Thread.Functions"><topic label="waitFor" href="html/reference/api/Jaxer.Thread.html?visibility=#Jaxer.Thread.waitFor"/></topic></topic><topic label="Jaxer.Util" href="html/reference/api/Jaxer.Util.html"><topic label="Functions" href="html/reference/api/Jaxer.Util.html#Jaxer.Util.Functions"><topic label="getGlobalContext" href="html/reference/api/Jaxer.Util.html?visibility=advanced#Jaxer.Util.getGlobalContext"/><topic label="clone" href="html/reference/api/Jaxer.Util.html?visibility=#Jaxer.Util.clone"/><topic label="concatArrays" href="html/reference/api/Jaxer.Util.html?visibility=#Jaxer.Util.concatArrays"/><topic label="extend" href="html/reference/api/Jaxer.Util.html?visibility=#Jaxer.Util.extend"/><topic label="filterInPlace" href="html/reference/api/Jaxer.Util.html?visibility=#Jaxer.Util.filterInPlace"/><topic label="findInGlobalContext" href="html/reference/api/Jaxer.Util.html?visibility=#Jaxer.Util.findInGlobalContext"/><topic label="getPropertyNames" href="html/reference/api/Jaxer.Util.html?visibility=#Jaxer.Util.getPropertyNames"/><topic label="hasProperties" href="html/reference/api/Jaxer.Util.html?visibility=#Jaxer.Util.hasProperties"/><topic label="isArray" href="html/reference/api/Jaxer.Util.html?visibility=#Jaxer.Util.isArray"/><topic label="isDate" href="html/reference/api/Jaxer.Util.html?visibility=#Jaxer.Util.isDate"/><topic label="isEmptyObject" href="html/reference/api/Jaxer.Util.html?visibility=#Jaxer.Util.isEmptyObject"/><topic label="isNativeFunction" href="html/reference/api/Jaxer.Util.html?visibility=#Jaxer.Util.isNativeFunction"/><topic label="isNativeFunctionSource" href="html/reference/api/Jaxer.Util.html?visibility=#Jaxer.Util.isNativeFunctionSource"/><topic label="mapInPlace" href="html/reference/api/Jaxer.Util.html?visibility=#Jaxer.Util.mapInPlace"/><topic label="sleep" href="html/reference/api/Jaxer.Util.html?visibility=#Jaxer.Util.sleep"/></topic></topic><topic label="Jaxer.Util.CRC32" href="html/reference/api/Jaxer.Util.CRC32.html"><topic label="Functions" href="html/reference/api/Jaxer.Util.CRC32.html#Jaxer.Util.CRC32.Functions"><topic label="getCRC" href="html/reference/api/Jaxer.Util.CRC32.html?visibility=#Jaxer.Util.CRC32.getCRC"/><topic label="getStringCRC" href="html/reference/api/Jaxer.Util.CRC32.html?visibility=#Jaxer.Util.CRC32.getStringCRC"/></topic></topic><topic label="Jaxer.Util.Certificate" href="html/reference/api/Jaxer.Util.Certificate.html"/><topic label="Jaxer.Util.Certificate.CertInfo" href="html/reference/api/Jaxer.Util.Certificate.CertInfo.html"><topic label="Constructors" href="html/reference/api/Jaxer.Util.Certificate.CertInfo.html#Jaxer.Util.Certificate.CertInfo.Constructors"><topic label="Constructor" href="html/reference/api/Jaxer.Util.Certificate.CertInfo.html?visibility=#Jaxer.Util.Certificate.CertInfo."/></topic><topic label="Properties" href="html/reference/api/Jaxer.Util.Certificate.CertInfo.html#Jaxer.Util.Certificate.CertInfo.Properties"><topic label="cert" href="html/reference/api/Jaxer.Util.Certificate.CertInfo.html?visibility=#Jaxer.Util.Certificate.CertInfo.cert"/><topic label="emailAddress" href="html/reference/api/Jaxer.Util.Certificate.CertInfo.html?visibility=#Jaxer.Util.Certificate.CertInfo.emailAddress"/><topic label="isDomainMismatch" href="html/reference/api/Jaxer.Util.Certificate.CertInfo.html?visibility=#Jaxer.Util.Certificate.CertInfo.isDomainMismatch"/><topic label="isNotValidAtThisTime" href="html/reference/api/Jaxer.Util.Certificate.CertInfo.html?visibility=#Jaxer.Util.Certificate.CertInfo.isNotValidAtThisTime"/><topic label="isSelfSigned" href="html/reference/api/Jaxer.Util.Certificate.CertInfo.html?visibility=#Jaxer.Util.Certificate.CertInfo.isSelfSigned"/><topic label="issuerName" href="html/reference/api/Jaxer.Util.Certificate.CertInfo.html?visibility=#Jaxer.Util.Certificate.CertInfo.issuerName"/><topic label="issuerOrganization" href="html/reference/api/Jaxer.Util.Certificate.CertInfo.html?visibility=#Jaxer.Util.Certificate.CertInfo.issuerOrganization"/><topic label="isUntrusted" href="html/reference/api/Jaxer.Util.Certificate.CertInfo.html?visibility=#Jaxer.Util.Certificate.CertInfo.isUntrusted"/><topic label="organization" href="html/reference/api/Jaxer.Util.Certificate.CertInfo.html?visibility=#Jaxer.Util.Certificate.CertInfo.organization"/><topic label="subjectName" href="html/reference/api/Jaxer.Util.Certificate.CertInfo.html?visibility=#Jaxer.Util.Certificate.CertInfo.subjectName"/><topic label="targetSite" href="html/reference/api/Jaxer.Util.Certificate.CertInfo.html?visibility=#Jaxer.Util.Certificate.CertInfo.targetSite"/><topic label="validity" href="html/reference/api/Jaxer.Util.Certificate.CertInfo.html?visibility=#Jaxer.Util.Certificate.CertInfo.validity"/></topic></topic><topic label="Jaxer.Util.Cookie" href="html/reference/api/Jaxer.Util.Cookie.html"><topic label="Functions" href="html/reference/api/Jaxer.Util.Cookie.html#Jaxer.Util.Cookie.Functions"><topic label="get" href="html/reference/api/Jaxer.Util.Cookie.html?visibility=#Jaxer.Util.Cookie.get"/><topic label="getAll" href="html/reference/api/Jaxer.Util.Cookie.html?visibility=#Jaxer.Util.Cookie.getAll"/><topic label="parseSetCookieHeaders" href="html/reference/api/Jaxer.Util.Cookie.html?visibility=#Jaxer.Util.Cookie.parseSetCookieHeaders"/><topic label="set" href="html/reference/api/Jaxer.Util.Cookie.html?visibility=#Jaxer.Util.Cookie.set"/></topic></topic><topic label="Jaxer.Util.DOM" href="html/reference/api/Jaxer.Util.DOM.html"><topic label="Functions" href="html/reference/api/Jaxer.Util.DOM.html#Jaxer.Util.DOM.Functions"><topic label="createScript" href="html/reference/api/Jaxer.Util.DOM.html?visibility=#Jaxer.Util.DOM.createScript"/><topic label="hashToAttributesString" href="html/reference/api/Jaxer.Util.DOM.html?visibility=#Jaxer.Util.DOM.hashToAttributesString"/><topic label="insertScriptAfter" href="html/reference/api/Jaxer.Util.DOM.html?visibility=#Jaxer.Util.DOM.insertScriptAfter"/><topic label="insertScriptAtBeginning" href="html/reference/api/Jaxer.Util.DOM.html?visibility=#Jaxer.Util.DOM.insertScriptAtBeginning"/><topic label="insertScriptAtEnd" href="html/reference/api/Jaxer.Util.DOM.html?visibility=#Jaxer.Util.DOM.insertScriptAtEnd"/><topic label="insertScriptBefore" href="html/reference/api/Jaxer.Util.DOM.html?visibility=#Jaxer.Util.DOM.insertScriptBefore"/><topic label="replaceWithScript" href="html/reference/api/Jaxer.Util.DOM.html?visibility=#Jaxer.Util.DOM.replaceWithScript"/><topic label="toHTML" href="html/reference/api/Jaxer.Util.DOM.html?visibility=#Jaxer.Util.DOM.toHTML"/></topic></topic><topic label="Jaxer.Util.DateTime" href="html/reference/api/Jaxer.Util.DateTime.html"><topic label="Functions" href="html/reference/api/Jaxer.Util.DateTime.html#Jaxer.Util.DateTime.Functions"><topic label="toPaddedString" href="html/reference/api/Jaxer.Util.DateTime.html?visibility=#Jaxer.Util.DateTime.toPaddedString"/></topic></topic><topic label="Jaxer.Util.Math" href="html/reference/api/Jaxer.Util.Math.html"><topic label="Functions" href="html/reference/api/Jaxer.Util.Math.html#Jaxer.Util.Math.Functions"><topic label="forceInteger" href="html/reference/api/Jaxer.Util.Math.html?visibility=#Jaxer.Util.Math.forceInteger"/><topic label="isInteger" href="html/reference/api/Jaxer.Util.Math.html?visibility=#Jaxer.Util.Math.isInteger"/></topic></topic><topic label="Jaxer.Util.MultiHash" href="html/reference/api/Jaxer.Util.MultiHash.html"><topic label="Functions" href="html/reference/api/Jaxer.Util.MultiHash.html#Jaxer.Util.MultiHash.Functions"><topic label="add" href="html/reference/api/Jaxer.Util.MultiHash.html?visibility=#Jaxer.Util.MultiHash.add"/><topic label="diff" href="html/reference/api/Jaxer.Util.MultiHash.html?visibility=#Jaxer.Util.MultiHash.diff"/><topic label="remove" href="html/reference/api/Jaxer.Util.MultiHash.html?visibility=#Jaxer.Util.MultiHash.remove"/></topic></topic><topic label="Jaxer.Util.Stopwatch" href="html/reference/api/Jaxer.Util.Stopwatch.html"><topic label="Properties" href="html/reference/api/Jaxer.Util.Stopwatch.html#Jaxer.Util.Stopwatch.Properties"><topic label="clocks" href="html/reference/api/Jaxer.Util.Stopwatch.html?visibility=#Jaxer.Util.Stopwatch.clocks"/><topic label="laps" href="html/reference/api/Jaxer.Util.Stopwatch.html?visibility=#Jaxer.Util.Stopwatch.laps"/><topic label="timings" href="html/reference/api/Jaxer.Util.Stopwatch.html?visibility=#Jaxer.Util.Stopwatch.timings"/></topic><topic label="Functions" href="html/reference/api/Jaxer.Util.Stopwatch.html#Jaxer.Util.Stopwatch.Functions"><topic label="flush" href="html/reference/api/Jaxer.Util.Stopwatch.html?visibility=#Jaxer.Util.Stopwatch.flush"/><topic label="lap" href="html/reference/api/Jaxer.Util.Stopwatch.html?visibility=#Jaxer.Util.Stopwatch.lap"/><topic label="lapCount" href="html/reference/api/Jaxer.Util.Stopwatch.html?visibility=#Jaxer.Util.Stopwatch.lapCount"/><topic label="reset" href="html/reference/api/Jaxer.Util.Stopwatch.html?visibility=#Jaxer.Util.Stopwatch.reset"/><topic label="start" href="html/reference/api/Jaxer.Util.Stopwatch.html?visibility=#Jaxer.Util.Stopwatch.start"/><topic label="stop" href="html/reference/api/Jaxer.Util.Stopwatch.html?visibility=#Jaxer.Util.Stopwatch.stop"/></topic></topic><topic label="Jaxer.Util.String" href="html/reference/api/Jaxer.Util.String.html"><topic label="Functions" href="html/reference/api/Jaxer.Util.String.html#Jaxer.Util.String.Functions"><topic label="endsWith" href="html/reference/api/Jaxer.Util.String.html?visibility=#Jaxer.Util.String.endsWith"/><topic label="escapeForJS" href="html/reference/api/Jaxer.Util.String.html?visibility=#Jaxer.Util.String.escapeForJS"/><topic label="escapeForSQL" href="html/reference/api/Jaxer.Util.String.html?visibility=#Jaxer.Util.String.escapeForSQL"/><topic label="grep" href="html/reference/api/Jaxer.Util.String.html?visibility=#Jaxer.Util.String.grep"/><topic label="singleQuote" href="html/reference/api/Jaxer.Util.String.html?visibility=#Jaxer.Util.String.singleQuote"/><topic label="startsWith" href="html/reference/api/Jaxer.Util.String.html?visibility=#Jaxer.Util.String.startsWith"/><topic label="trim" href="html/reference/api/Jaxer.Util.String.html?visibility=#Jaxer.Util.String.trim"/><topic label="upperCaseToCamelCase" href="html/reference/api/Jaxer.Util.String.html?visibility=#Jaxer.Util.String.upperCaseToCamelCase"/></topic></topic><topic label="Jaxer.Util.Url" href="html/reference/api/Jaxer.Util.Url.html"><topic label="Functions" href="html/reference/api/Jaxer.Util.Url.html#Jaxer.Util.Url.Functions"><topic label="combine" href="html/reference/api/Jaxer.Util.Url.html?visibility=#Jaxer.Util.Url.combine"/><topic label="ensureFileProtocol" href="html/reference/api/Jaxer.Util.Url.html?visibility=#Jaxer.Util.Url.ensureFileProtocol"/><topic label="formUrlDecode" href="html/reference/api/Jaxer.Util.Url.html?visibility=#Jaxer.Util.Url.formUrlDecode"/><topic label="formUrlEncode" href="html/reference/api/Jaxer.Util.Url.html?visibility=#Jaxer.Util.Url.formUrlEncode"/><topic label="hashToQuery" href="html/reference/api/Jaxer.Util.Url.html?visibility=#Jaxer.Util.Url.hashToQuery"/><topic label="isFile" href="html/reference/api/Jaxer.Util.Url.html?visibility=#Jaxer.Util.Url.isFile"/><topic label="parseUrl" href="html/reference/api/Jaxer.Util.Url.html?visibility=#Jaxer.Util.Url.parseUrl"/><topic label="parseUrlComponents" href="html/reference/api/Jaxer.Util.Url.html?visibility=#Jaxer.Util.Url.parseUrlComponents"/><topic label="queryToHash" href="html/reference/api/Jaxer.Util.Url.html?visibility=#Jaxer.Util.Url.queryToHash"/></topic></topic><topic label="Jaxer.Util.Url.ParsedUrl" href="html/reference/api/Jaxer.Util.Url.ParsedUrl.html"><topic label="Constructors" href="html/reference/api/Jaxer.Util.Url.ParsedUrl.html#Jaxer.Util.Url.ParsedUrl.Constructors"><topic label="Constructor" href="html/reference/api/Jaxer.Util.Url.ParsedUrl.html?visibility=#Jaxer.Util.Url.ParsedUrl."/></topic><topic label="Properties" href="html/reference/api/Jaxer.Util.Url.ParsedUrl.html#Jaxer.Util.Url.ParsedUrl.Properties"><topic label="authority" href="html/reference/api/Jaxer.Util.Url.ParsedUrl.html?visibility=#Jaxer.Util.Url.ParsedUrl.authority"/><topic label="base" href="html/reference/api/Jaxer.Util.Url.ParsedUrl.html?visibility=#Jaxer.Util.Url.ParsedUrl.base"/><topic label="domain" href="html/reference/api/Jaxer.Util.Url.ParsedUrl.html?visibility=#Jaxer.Util.Url.ParsedUrl.domain"/><topic label="fragment" href="html/reference/api/Jaxer.Util.Url.ParsedUrl.html?visibility=#Jaxer.Util.Url.ParsedUrl.fragment"/><topic label="host" href="html/reference/api/Jaxer.Util.Url.ParsedUrl.html?visibility=#Jaxer.Util.Url.ParsedUrl.host"/><topic label="hostAndPort" href="html/reference/api/Jaxer.Util.Url.ParsedUrl.html?visibility=#Jaxer.Util.Url.ParsedUrl.hostAndPort"/><topic label="leaf" href="html/reference/api/Jaxer.Util.Url.ParsedUrl.html?visibility=#Jaxer.Util.Url.ParsedUrl.leaf"/><topic label="path" href="html/reference/api/Jaxer.Util.Url.ParsedUrl.html?visibility=#Jaxer.Util.Url.ParsedUrl.path"/><topic label="pathParts" href="html/reference/api/Jaxer.Util.Url.ParsedUrl.html?visibility=#Jaxer.Util.Url.ParsedUrl.pathParts"/><topic label="port" href="html/reference/api/Jaxer.Util.Url.ParsedUrl.html?visibility=#Jaxer.Util.Url.ParsedUrl.port"/><topic label="protocol" href="html/reference/api/Jaxer.Util.Url.ParsedUrl.html?visibility=#Jaxer.Util.Url.ParsedUrl.protocol"/><topic label="query" href="html/reference/api/Jaxer.Util.Url.ParsedUrl.html?visibility=#Jaxer.Util.Url.ParsedUrl.query"/><topic label="queryParts" href="html/reference/api/Jaxer.Util.Url.ParsedUrl.html?visibility=#Jaxer.Util.Url.ParsedUrl.queryParts"/><topic label="scheme" href="html/reference/api/Jaxer.Util.Url.ParsedUrl.html?visibility=#Jaxer.Util.Url.ParsedUrl.scheme"/><topic label="subdomain" href="html/reference/api/Jaxer.Util.Url.ParsedUrl.html?visibility=#Jaxer.Util.Url.ParsedUrl.subdomain"/><topic label="url" href="html/reference/api/Jaxer.Util.Url.ParsedUrl.html?visibility=#Jaxer.Util.Url.ParsedUrl.url"/><topic label="userInfo" href="html/reference/api/Jaxer.Util.Url.ParsedUrl.html?visibility=#Jaxer.Util.Url.ParsedUrl.userInfo"/></topic></topic><topic label="Jaxer.Web" href="html/reference/api/Jaxer.Web.html"><topic label="Properties" href="html/reference/api/Jaxer.Web.html#Jaxer.Web.Properties"><topic label="ACTIONS" href="html/reference/api/Jaxer.Web.html?visibility=#Jaxer.Web.ACTIONS"/></topic><topic label="Functions" href="html/reference/api/Jaxer.Web.html#Jaxer.Web.Functions"><topic label="getDefaultReferenceUrl" href="html/reference/api/Jaxer.Web.html?visibility=advanced#Jaxer.Web.getDefaultReferenceUrl"/><topic label="del" href="html/reference/api/Jaxer.Web.html?visibility=#Jaxer.Web.del"/><topic label="get" href="html/reference/api/Jaxer.Web.html?visibility=#Jaxer.Web.get"/><topic label="head" href="html/reference/api/Jaxer.Web.html?visibility=#Jaxer.Web.head"/><topic label="open" href="html/reference/api/Jaxer.Web.html?visibility=#Jaxer.Web.open"/><topic label="options" href="html/reference/api/Jaxer.Web.html?visibility=#Jaxer.Web.options"/><topic label="post" href="html/reference/api/Jaxer.Web.html?visibility=#Jaxer.Web.post"/><topic label="put" href="html/reference/api/Jaxer.Web.html?visibility=#Jaxer.Web.put"/><topic label="resolve" href="html/reference/api/Jaxer.Web.html?visibility=#Jaxer.Web.resolve"/><topic label="send" href="html/reference/api/Jaxer.Web.html?visibility=#Jaxer.Web.send"/></topic></topic><topic label="Jaxer.Web.ACTIONS" href="html/reference/api/Jaxer.Web.ACTIONS.html"><topic label="Properties" href="html/reference/api/Jaxer.Web.ACTIONS.html#Jaxer.Web.ACTIONS.Properties"><topic label="DELETE" href="html/reference/api/Jaxer.Web.ACTIONS.html?visibility=#Jaxer.Web.ACTIONS.DELETE"/><topic label="GET" href="html/reference/api/Jaxer.Web.ACTIONS.html?visibility=#Jaxer.Web.ACTIONS.GET"/><topic label="HEAD" href="html/reference/api/Jaxer.Web.ACTIONS.html?visibility=#Jaxer.Web.ACTIONS.HEAD"/><topic label="OPTIONS" href="html/reference/api/Jaxer.Web.ACTIONS.html?visibility=#Jaxer.Web.ACTIONS.OPTIONS"/><topic label="POST" href="html/reference/api/Jaxer.Web.ACTIONS.html?visibility=#Jaxer.Web.ACTIONS.POST"/><topic label="PUT" href="html/reference/api/Jaxer.Web.ACTIONS.html?visibility=#Jaxer.Web.ACTIONS.PUT"/></topic></topic><topic label="Jaxer.XHR" href="html/reference/api/Jaxer.XHR.html"><topic label="Properties" href="html/reference/api/Jaxer.XHR.html#Jaxer.XHR.Properties"><topic label="REASON_FAILURE" href="html/reference/api/Jaxer.XHR.html?visibility=advanced#Jaxer.XHR.REASON_FAILURE"/><topic label="REASON_TIMEOUT" href="html/reference/api/Jaxer.XHR.html?visibility=advanced#Jaxer.XHR.REASON_TIMEOUT"/><topic label="defaults" href="html/reference/api/Jaxer.XHR.html?visibility=#Jaxer.XHR.defaults"/></topic><topic label="Functions" href="html/reference/api/Jaxer.XHR.html#Jaxer.XHR.Functions"><topic label="getTransport" href="html/reference/api/Jaxer.XHR.html?visibility=advanced#Jaxer.XHR.getTransport"/><topic label="onfailure" href="html/reference/api/Jaxer.XHR.html?visibility=advanced#Jaxer.XHR.onfailure"/><topic label="ontimeout" href="html/reference/api/Jaxer.XHR.html?visibility=advanced#Jaxer.XHR.ontimeout"/><topic label="testSuccess" href="html/reference/api/Jaxer.XHR.html?visibility=advanced#Jaxer.XHR.testSuccess"/><topic label="cancel" href="html/reference/api/Jaxer.XHR.html?visibility=#Jaxer.XHR.cancel"/><topic label="send" href="html/reference/api/Jaxer.XHR.html?visibility=#Jaxer.XHR.send"/></topic></topic><topic label="Jaxer.XHR.ResponseData" href="html/reference/api/Jaxer.XHR.ResponseData.html"><topic label="Constructors" href="html/reference/api/Jaxer.XHR.ResponseData.html#Jaxer.XHR.ResponseData.Constructors"><topic label="Constructor" href="html/reference/api/Jaxer.XHR.ResponseData.html?visibility=#Jaxer.XHR.ResponseData."/></topic><topic label="Properties" href="html/reference/api/Jaxer.XHR.ResponseData.html#Jaxer.XHR.ResponseData.Properties"><topic label="certInfo" href="html/reference/api/Jaxer.XHR.ResponseData.html?visibility=#Jaxer.XHR.ResponseData.certInfo"/><topic label="cookies" href="html/reference/api/Jaxer.XHR.ResponseData.html?visibility=#Jaxer.XHR.ResponseData.cookies"/><topic label="extra" href="html/reference/api/Jaxer.XHR.ResponseData.html?visibility=#Jaxer.XHR.ResponseData.extra"/><topic label="headers" href="html/reference/api/Jaxer.XHR.ResponseData.html?visibility=#Jaxer.XHR.ResponseData.headers"/><topic label="response" href="html/reference/api/Jaxer.XHR.ResponseData.html?visibility=#Jaxer.XHR.ResponseData.response"/><topic label="status" href="html/reference/api/Jaxer.XHR.ResponseData.html?visibility=#Jaxer.XHR.ResponseData.status"/><topic label="statusText" href="html/reference/api/Jaxer.XHR.ResponseData.html?visibility=#Jaxer.XHR.ResponseData.statusText"/><topic label="text" href="html/reference/api/Jaxer.XHR.ResponseData.html?visibility=#Jaxer.XHR.ResponseData.text"/><topic label="xhr" href="html/reference/api/Jaxer.XHR.ResponseData.html?visibility=#Jaxer.XHR.ResponseData.xhr"/><topic label="xml" href="html/reference/api/Jaxer.XHR.ResponseData.html?visibility=#Jaxer.XHR.ResponseData.xml"/></topic></topic><topic label="Jaxer.XHR.SendOptions" href="html/reference/api/Jaxer.XHR.SendOptions.html"><topic label="Constructors" href="html/reference/api/Jaxer.XHR.SendOptions.html#Jaxer.XHR.SendOptions.Constructors"><topic label="Constructor" href="html/reference/api/Jaxer.XHR.SendOptions.html?visibility=#Jaxer.XHR.SendOptions."/></topic><topic label="Properties" href="html/reference/api/Jaxer.XHR.SendOptions.html#Jaxer.XHR.SendOptions.Properties"><topic label="pollingPeriod" href="html/reference/api/Jaxer.XHR.SendOptions.html?visibility=advanced#Jaxer.XHR.SendOptions.pollingPeriod"/><topic label="as" href="html/reference/api/Jaxer.XHR.SendOptions.html?visibility=#Jaxer.XHR.SendOptions.as"/><topic label="async" href="html/reference/api/Jaxer.XHR.SendOptions.html?visibility=#Jaxer.XHR.SendOptions.async"/><topic label="cacheBuster" href="html/reference/api/Jaxer.XHR.SendOptions.html?visibility=#Jaxer.XHR.SendOptions.cacheBuster"/><topic label="contentType" href="html/reference/api/Jaxer.XHR.SendOptions.html?visibility=#Jaxer.XHR.SendOptions.contentType"/><topic label="getTransport" href="html/reference/api/Jaxer.XHR.SendOptions.html?visibility=#Jaxer.XHR.SendOptions.getTransport"/><topic label="headers" href="html/reference/api/Jaxer.XHR.SendOptions.html?visibility=#Jaxer.XHR.SendOptions.headers"/><topic label="method" href="html/reference/api/Jaxer.XHR.SendOptions.html?visibility=#Jaxer.XHR.SendOptions.method"/><topic label="onfailure" href="html/reference/api/Jaxer.XHR.SendOptions.html?visibility=#Jaxer.XHR.SendOptions.onfailure"/><topic label="onfinished" href="html/reference/api/Jaxer.XHR.SendOptions.html?visibility=#Jaxer.XHR.SendOptions.onfinished"/><topic label="onreadytosend" href="html/reference/api/Jaxer.XHR.SendOptions.html?visibility=#Jaxer.XHR.SendOptions.onreadytosend"/><topic label="onsslcerterror" href="html/reference/api/Jaxer.XHR.SendOptions.html?visibility=#Jaxer.XHR.SendOptions.onsslcerterror"/><topic label="onsuccess" href="html/reference/api/Jaxer.XHR.SendOptions.html?visibility=#Jaxer.XHR.SendOptions.onsuccess"/><topic label="ontimeout" href="html/reference/api/Jaxer.XHR.SendOptions.html?visibility=#Jaxer.XHR.SendOptions.ontimeout"/><topic label="overrideMimeType" href="html/reference/api/Jaxer.XHR.SendOptions.html?visibility=#Jaxer.XHR.SendOptions.overrideMimeType"/><topic label="password" href="html/reference/api/Jaxer.XHR.SendOptions.html?visibility=#Jaxer.XHR.SendOptions.password"/><topic label="responseText" href="html/reference/api/Jaxer.XHR.SendOptions.html?visibility=#Jaxer.XHR.SendOptions.responseText"/><topic label="testSuccess" href="html/reference/api/Jaxer.XHR.SendOptions.html?visibility=#Jaxer.XHR.SendOptions.testSuccess"/><topic label="timeout" href="html/reference/api/Jaxer.XHR.SendOptions.html?visibility=#Jaxer.XHR.SendOptions.timeout"/><topic label="url" href="html/reference/api/Jaxer.XHR.SendOptions.html?visibility=#Jaxer.XHR.SendOptions.url"/><topic label="username" href="html/reference/api/Jaxer.XHR.SendOptions.html?visibility=#Jaxer.XHR.SendOptions.username"/><topic label="extendedResponse" href="html/reference/api/Jaxer.XHR.SendOptions.html?visibility=#Jaxer.XHR.SendOptions.extendedResponse"/></topic></topic><topic label="Jaxer.defaults" href="html/reference/api/Jaxer.defaults.html"><topic label="Properties" href="html/reference/api/Jaxer.defaults.html#Jaxer.defaults.Properties"><topic label="timeout" href="html/reference/api/Jaxer.defaults.html?visibility=#Jaxer.defaults.timeout"/></topic></topic></topic></toc>